Iteration;Time;BestFitness;LastCalledHeur;IsRelay;NumOfMoves-LLH0;NumOfMoves-LLH1;NumOfMoves-LLH2;NumOfMoves-LLH3;NumOfMoves-LLH4;NumOfMoves-LLH5;NumOfMoves-LLH6;NumOfMoves-LLH7;LAProb-LLH0;LAProb-LLH1;LAProb-LLH2;LAProb-LLH3;LAProb-LLH4;LAProb-LLH5;LAProb-LLH6;LAProb-LLH7;
1;0,001;0,10230498812351596;-1;-1;0;0;0;0;0;0;0;0;0,125;0,125;0,125;0,125;0,125;0,125;0,125;0,125
3;0,016;0,1020066508313544;2;0;0;0;1;1;0;1;0;0;0,16104951638901657;0,16104951638901657;0,13353471135395853;0,011060219695012908;0,16104951638901657;0,05015748700594565;0,16104951638901657;0,16104951638901657
4;0,025;0,10181155977830614;1;0;0;1;1;1;0;1;0;0;0,11064041263932375;0,42338107003570136;0,09179590230918025;0,007667364264102168;0,11064041263932375;0,03459401283372109;0,11064041263932375;0,11064041263932375
6;0,04;0,10124022169437874;2;0;0;2;2;1;0;1;0;0;0,2079987133263919;0,02055837525921544;0,0674818583458058;0,014588538345646003;0,2079987133263919;0,06537637474376527;0,2079987133263919;0,2079987133263919
12;0,158;0,10121488519398303;4;0;1;3;2;1;1;2;1;1;0,505559217717661;0,03682145271441313;0,32459959252671783;0,07509115483354711;0,007364907170373722;0,04434029103379679;0,006223341314126735;4,268936347417169E-8
15;0,184;0,10111269464238626;4;0;2;3;2;2;2;2;1;1;0,04612212709237482;0,08454822936740407;0,7320259180190791;0,017085473066024;0,004060196044450254;0,10165625171759632;0,01450169492857044;1,0976450093723235E-7
16;0,194;0,09834349206349247;2;0;2;3;3;2;2;2;1;1;0,07566229014413406;0,13822488966303437;0,5612066745735887;0,028186175153901365;0,006752824048238597;0,16602108384383638;0,02394586882682591;1,9374644064388695E-7
17;0,204;0,09717756613756601;2;0;2;3;4;2;2;2;1;1;0,0871406043716939;0,15883249077897318;0,4952553197416495;0,03258338451554354;0,007848527298908699;0,19064083065013873;0,02769860839055676;2,3425253580173459E-7
18;0,217;0,09403850437549732;2;0;2;3;5;2;2;2;1;1;0,09595350206568355;0,17453934617380826;0,4448125444388078;0,035998858029454475;0,008713290321201137;0,20936324174966117;0,03061894778232956;2,6943905387956474E-7
20;0,229;0,09359554494828981;2;0;2;3;6;2;2;3;1;1;0,13009145880019513;0,23578303434665088;0,5026224766176854;0,04909613322456239;0,01198562014541646;0,028621173511726286;0,04179970874526012;3,9460850342791896E-7
21;0,237;0,08995704412546535;2;0;2;3;7;2;2;3;1;1;0,13762913999241808;0,24888466127094944;0,47369335113277233;0,052132465942341756;0,012794868506954006;0,030453282476286123;0,04441179267028036;4,380079979655321E-7
23;0,244;0,08952493354598623;2;0;3;3;8;2;2;3;1;1;0,056303218202331404;0,2761772454358207;0,5115216744362908;0,058123516804475105;0,014326005122472077;0,03400823231174107;0,04953960176784534;5,059190235738531E-7
24;0,251;0,08872812333864988;2;0;3;3;9;2;2;3;1;1;0,05680843301443075;0,2776511574887266;0,508048178295782;0,0586408291007805;0,014499538525409642;0,03435268844987594;0,049998651020863864;5,241041308285842E-7
25;0,257;0,08569485744737582;2;0;3;3;10;2;2;3;1;1;0,057805692288744284;0,28117178733943154;0,5006372375831327;0,05966452274070698;0,014815178497471547;0,035008997912589254;0,050896031288433154;5,523494903890538E-7
26;0,27;0,08567375432986979;4;0;3;3;10;2;3;3;1;1;0,05856799995954731;0,2828421723710742;0,5022947741421138;0,06044266231332446;0,008703303380257396;0,03555148315785699;0,051597014907294354;5,897685315406077E-7
28;0,292;0,08479360511590772;2;0;3;4;11;2;3;3;1;1;0,07237182828335595;0,16977898800923646;0,5645710175284362;0,07468120214124134;0,010816844132516608;0,04399703413762409;0,06378233115729705;7,546102924012257E-7
29;0,309;0,08453759658939564;2;0;3;4;12;2;3;3;1;1;0,07377300075783276;0,17195454706654367;0,5568796899801368;0,0761090191127711;0,011185770651600004;0,045017829963556605;0,065079303597657;8,388699019228009E-7
31;0,326;0,08145491452991516;2;0;3;4;13;2;4;3;1;1;0,07660107159209455;0,17706913018583773;0,5482438838398976;0,07900245746288818;0,004454338349726891;0,046970804731094114;0,06765733980632649;9,740321342852091E-7
32;0,334;0,08095384615384671;2;0;3;4;14;2;4;3;1;1;0,07777379312717743;0,17926686366196387;0,5416964273148505;0,08020349797755001;0,004566628592468151;0,04776952728011303;0,06872223433598765;1,0277098894199864E-6
33;0,341;0,0801017094017098;2;0;3;4;15;2;4;3;1;1;0,07837166440280857;0,18024495536021787;0,5384600307826825;0,08081344775830748;0,004636494784053873;0,04819906787606433;0,06927327207760535;1,066958260129369E-6
34;0,348;0,07709344042838029;2;0;3;4;16;2;4;3;1;1;0,07866577527667834;0,1804648349800905;0,5370545011597777;0,0811091724530047;0,004693985821167655;0,048451347960870375;0,06955927435797922;1,1079904316662538E-6
36;0,356;0,07651512717536813;2;0;4;4;17;2;4;3;1;1;0,039790740111087484;0,19474118550449096;0,5448340770775099;0,08773826621237905;0,00512171958708047;0,05249330218399221;0,07527946934195852;1,2399815014527108E-6
37;0,364;0,07570398929049493;2;0;4;4;18;2;4;3;1;1;0,039880559949237934;0,19447631323610953;0,544787850040917;0,08777813977355975;0,005157298964391843;0,05257861747672258;0,07533994806720838;1,2724918528737915E-6
39;0,371;0,07275126140633303;2;0;4;5;19;2;4;3;1;1;0,04345603097697393;0,11715863692094565;0,5991793620249379;0,09539057410862972;0,005659054851310268;0,05723848493342331;0,08191641972387637;1,4364599027926434E-6
40;0,378;0,0723441760601169;2;0;4;5;20;2;4;3;1;1;0,043713329352030775;0,1175421915553836;0,5974663462272811;0,09575514246537732;0,005723475436052714;0,05753526278291737;0,08226276705986636;1,4851210907154864E-6
41;0,385;0,07157423510466854;2;0;4;5;21;2;4;3;1;1;0,043701820029632514;0,11724675432452132;0,5981354279815537;0,0955590819048752;0,005748530683542263;0,05748412508384725;0,0821227400477687;1,5199442589265919E-6
44;0,394;0,0683880548829684;2;0;4;5;22;3;4;4;1;1;0,04854796221764293;0,12976154055943068;0,6577837935625792;0,03206326085495447;0,006435333385715208;0,034395044410649236;0,09101130944179807;1,755567230203261E-6
45;0,4;0,06819026096314029;2;0;4;5;23;3;4;4;1;1;0,048938991286853965;0,130465309620889;0,6554195111186485;0,032357174633681034;0,006522105618625021;0,034703856409057376;0,09159123283362043;1,8184786246947726E-6
46;0,407;0,06773139628732627;2;0;4;5;24;3;4;4;1;1;0,050743719392898436;0,13492431883259326;0,6431164624779863;0,033587336717768985;0,006798952604846406;0,03601653057464881;0,0948107420294659;1,9373697922420413E-6
48;0,423;0,06770492332526012;2;0;4;6;25;3;4;4;1;1;0,05443253815716146;0,07360615766044576;0,6883542542531781;0,036068522016246586;0,0073322851746126395;0,03866998644195874;0,1015341211079845;2,1351884121846314E-6
49;0,443;0,06708506860371033;2;0;4;6;26;3;4;4;1;1;0,05642273367180766;0,0761664924964268;0,6772102292347867;0,03747493524561218;0,0076875660804435805;0,04016191948529914;0,10487377898965981;2,3447959641778186E-6
50;0,452;0,06706526768899401;2;0;4;6;27;3;4;4;1;1;0,05715005945539544;0,07698173899933676;0,6733645590988325;0,03807007810708478;0,007899289089202729;0,04077938543116914;0,10575233575052193;2,5540684565594053E-6
52;0,46;0,0639508090614862;2;0;4;7;28;3;4;4;1;1;0,06048721685237114;0,053690741106349506;0,6821740643592993;0,04036777101125589;0,008436294585398517;0,04322705080387474;0,11161403182234467;2,8294591063523156E-6
53;0,467;0,063897734627829;2;0;4;7;29;3;4;4;1;1;0,061222950148992455;0,054358587024356926;0,6783414211725427;0,04089650081651579;0,008577374990868258;0,043786393308754716;0,11281384276691238;2,9297710568384346E-6
54;0,476;0,06389061488672876;2;0;4;7;30;3;4;4;1;1;0,06104926540168142;0,05421908707232389;0,6792865350684769;0,04081804458317427;0,008591487021540584;0,043695584512033085;0,11233700780860839;2,9885321614183614E-6
55;0,483;0,06387055016180965;2;0;4;7;31;3;4;4;1;1;0,06130810975876689;0,05447107924205354;0,6779748403486112;0,041047605348029544;0,008685993016587573;0,04393108830217384;0,11257817912286366;3,1048609139763394E-6
57;0,49;0,06360323624595188;2;0;4;8;32;3;4;4;1;1;0,06263699213626961;0,04042256141258466;0,6862866933236144;0,041988545770948356;0,008927180929623153;0,04492884700237496;0,11480591036583744;3,2690587474970094E-6
58;0,497;0,06300733549082771;2;0;4;8;33;3;4;4;1;1;0,06244352566831616;0,040344730558556655;0,6872625085363478;0,04190345859402326;0,008945895698756095;0,04482972148258083;0,11426681379911553;3,3456623036026145E-6
60;0,507;0,062481553398055056;2;0;4;8;34;3;4;4;2;1;0,06903303802689774;0,044676348330464064;0,7614448490876684;0,04639574183164491;0,009963270804885328;0,04962297849309357;0,018859933782145934;3,839643200035356E-6
61;0,514;0,05955317653419501;2;0;4;8;35;3;4;4;2;1;0,06931957089511429;0,04491380735530565;0,7601921241115098;0,04663764861543142;0,010056336569372456;0,04987277889813519;0,01900377604697519;3,957508156069125E-6
62;0,521;0,05891949175452493;2;0;4;8;36;3;4;4;2;1;0,06944497898974614;0,045039675165231;0,7595328419234573;0,0467643252465425;0,010119040690801082;0,050000584540811355;0,01909449932100328;4,054122407331312E-6
63;0,527;0,0588667207353305;2;0;4;8;37;3;4;4;2;1;0,06918058891625678;0,044919982674586245;0,760186362800678;0,046635381109206266;0,010132370608867786;0,049853829794080526;0,019087339155360764;4,14494096359793E-6
65;0,534;0,05804466071910974;2;0;5;8;38;3;4;4;2;1;0,04103791562782824;0,04616184484335634;0,7835444320790528;0,04791988269921019;0,010453881989835033;0,05121787184074902;0,019659804642181575;4,366277786745362E-6
66;0,541;0,05802822384427886;2;0;5;8;39;3;4;4;2;1;0,04100461472208723;0,04611199199737709;0,7837095029213654;0,04786404472564204;0,010478077385223331;0,051150414060662314;0,019676899329779035;4,4548578636174595E-6
67;0,548;0,05802562854825288;2;0;5;8;40;3;4;4;2;1;0,0420415936015342;0,04726123866217951;0,7782249533159664;0,04905138816899747;0,010787781142332522;0,05240868399765281;0,020219664883640614;4,696227696312205E-6
68;0,554;0,058021086780207454;2;0;5;8;41;3;4;4;2;1;0,042456084603769394;0,04771443187688807;0,7760271265693464;0,0495175414247641;0,010928044927067606;0,05289874163681025;0,020453186811950005;4,842149404152147E-6
79;0,581;0,05507728997289629;2;0;5;8;50;4;4;5;2;1;0,06694425270403555;0,07514563998781851;0,73380892995172;0,023497687912056645;0,017472375117130158;0,05063027300387387;0,03249246233780644;8,37898555893081E-6
80;0,592;0,05496910569105318;4;0;5;8;50;4;5;5;2;1;0,0672835620825228;0,07548999131812775;0,7301732767250362;0,023720512290609296;0,019621376148134247;0,05094642365452309;0,032756113532767674;8,744248278963553E-6
82;0,612;0,05463913279132404;2;0;6;8;51;4;5;5;2;1;0,04203942300018441;0,07683903006575304;0,7515224757799231;0,024219039697362728;0,020043888564965348;0,05191124967412216;0,03341577502694711;9,11819074190154E-6
83;0,639;0,05392281842818003;2;0;6;8;52;4;5;5;2;1;0,04327282056357374;0,0787317584214742;0,7443977871416337;0,025034293850497862;0,02074841170679903;0,053348698997081716;0,034456222221992405;1,0007096947166646E-5
84;0,646;0,05056104319477972;2;0;6;8;53;4;5;5;2;1;0,04359557094535961;0,07885183567563299;0,7427016499423506;0,025357602277553123;0,021055352813439118;0,05363568320162654;0,0347913550406234;1,0950103414804862E-5
85;0,655;0,050543004618305964;2;0;6;8;54;4;5;5;2;1;0,04358631923050678;0,07869286125498953;0,7428195129210408;0,025394119528356702;0,021097624469734698;0,053590442774160994;0,03480789197084351;1,1227850367002742E-5
88;0,664;0,05036913882096794;2;0;6;9;55;4;5;5;3;1;0,045495762718599814;0,062366532909099145;0,7758204652471491;0,026572082427671943;0,022094984078963507;0,055885379119366196;0,011752622917275166;1,217058187520257E-5
89;0,672;0,05034240695462744;2;0;6;9;56;4;5;5;3;1;0,045209732547404076;0,06193719382275759;0,7772012048127261;0,026432100692041265;0,021986317797216583;0,05551226467303299;0,011708900482045008;1,2285172776539996E-5
90;0,681;0,050312849769080015;2;0;6;9;57;4;5;5;3;1;0,046470135659827966;0,06358766499088804;0,7709304663385529;0,02722459108921293;0,02266140121207899;0,05701530127710595;0,012097410686921944;1,3028745411347357E-5
91;0,688;0,05007986960064781;2;0;6;9;58;4;5;5;3;1;0,046406847747842005;0,06344796869203871;0,7712006591322477;0,027226315695747638;0,022673929232415756;0,05690660141041935;0,012124380108101275;1,329798118756557E-5
92;0,694;0,049557837544141226;2;0;6;9;59;4;5;5;3;1;0,046379976013827935;0,06335834900374475;0,7712911405301726;0,027249282173240595;0,022704133414943428;0,056842716475309404;0,012160819753505699;1,3582635255502081E-5
94;0,703;0,04895973920129948;2;0;6;9;60;4;5;6;3;1;0,0475386715546771;0,06487949633370806;0,7871196241328113;0,027975352585799283;0,02332206364458355;0,03663493101962846;0,01251558922598062;1,4271502811641023E-5
96;0,709;0,04894496060852582;2;0;6;10;61;4;5;6;3;1;0,047866092091231924;0,051961012870063786;0,7988411474408091;0,028213589442017448;0,023533718774807758;0,036916556396160115;0,012653153516367718;1,4729468541846867E-5
97;0,716;0,045974291938993495;2;0;6;10;62;4;5;6;3;1;0,04747823138525402;0,05153190759376026;0,800369159550375;0,028013183773528714;0,023374634111933176;0,03663555347695302;0,012582493066237085;1,4837041958838417E-5
98;0,721;0,0459511982570765;2;0;6;10;63;4;5;6;3;1;0,04733498351880981;0,05136520255902299;0,8008291705320326;0,027967996903484123;0,023348200896548658;0,03655028653450788;0,012589044869145328;1,5114186448454455E-5
99;0,727;0,045853812636161506;2;0;6;10;64;4;5;6;3;1;0,04709682433067482;0,05109880690800511;0,8017301729145354;0,02785520289326485;0,02326204187576161;0,03638431572639481;0,012557364709610653;1,5270641752810467E-5
101;0,738;0,04583856209149928;2;0;6;10;65;4;6;6;3;1;0,04747938700419563;0,05149628351454198;0,8065186849496235;0,02814330728420432;0,01689723219549664;0,03671953078528671;0,012729652733421531;1,592153322962914E-5
118;0,774;0,045812636165573184;2;0;6;12;75;5;6;8;5;1;0,06713210342218595;0,04450907621943815;0,8077921783395192;0,024176145541834254;0,02423046420775177;0,02745567271147736;0,004679251717822184;2,5107839971145172E-5
119;0,78;0,04581176470587811;2;0;6;12;76;5;6;8;5;1;0,06676636297960926;0,044315134954691304;0,808560719827886;0,024110016461563476;0,02416404190981285;0,027371285185365177;0,00468693649879568;2,5502182276302085E-5
120;0,787;0,04580130718953834;2;0;6;12;77;5;6;8;5;1;0,06626124404497903;0,0440142370650854;0,8098115031986212;0,023974105104923277;0,024027723511089574;0,02721040994858937;0,004675085413958527;2,5691712753725956E-5
121;0,793;0,04579934640522454;2;0;6;12;78;5;6;8;5;1;0,06582220537928218;0,04377033317030353;0,8107968897119318;0,023879914094420442;0,02393317924575344;0,027094352479667242;0,004677064133098489;2,6061785542735172E-5
159;0,868;0,045798692810453234;2;0;7;14;111;6;6;9;5;1;0,0958532368915215;0,0641829438903326;0,698296270666228;0,03476499661075642;0,051587692764612406;0,044690435234800666;0,010556330730416941;6,809321133152346E-5
171;0,895;0,04576339869280621;4;0;8;15;120;6;7;9;5;1;0,08382380260308529;0,06412680820894955;0,6665726102567268;0,04136883027639184;0,07826267399429854;0,053043086572099205;0,0127158179104859;8,637017796299203E-5
177;0,915;0,04575403050108506;4;0;8;15;124;6;9;9;5;1;0,08927939300956896;0,06843948267211898;0,6457527349173944;0,04429816126905485;0,08170259830388563;0,05669197530763038;0,013738731567563979;9,692295278280474E-5
183;0,93;0,04575294117646633;0;0;10;15;128;6;9;9;5;1;0,2818830014666333;0,057400552574619686;0,4957161355997095;0,03723917223651766;0,06845985884183466;0,04759551163947157;0,011621591195193827;8,417644601981557E-5
187;0,941;0,04563877995642285;1;0;10;16;130;7;9;9;5;1;0,26690569590196617;0,1360209921213305;0,45071751651403624;0,02443204063638574;0,06524209277490775;0,045433670424871446;0,011165282363293637;8,270926320867383E-5
191;0,949;0,04471416122003935;2;0;11;18;131;7;9;9;5;1;0,2289078858762226;0,11522871011918137;0,49658941492929787;0,026640181328789314;0,07089992598449424;0,0494348730098934;0,01220705186269748;9,195688942376368E-5
193;0,956;0,04466732026143361;2;0;12;18;132;7;9;9;5;1;0,19123072810619218;0,11927043603853414;0,5242991435990632;0,0276669138055192;0,07346816718556391;0,051267748246529576;0,012700118560025491;9,67444585722879E-5
194;0,962;0,04464749455337247;2;0;12;18;133;7;9;9;5;1;0,1894471731373327;0,11828538312490666;0,5280957417384066;0,027530046806031865;0,07294199617698756;0,050942378977052;0,012659763750391679;9,751628889097412E-5
195;0,967;0,04464509803921113;2;0;12;18;134;7;9;9;5;1;0,18757666074654733;0,11724341333513125;0,5321208456572465;0,02737844703777774;0,07237924204894973;0,050590770633673864;0,012612384596281865;9,823594439184013E-5
196;0,974;0,04464466230936359;2;0;12;18;135;7;9;9;5;1;0,18600390429724017;0,1163850762538751;0,5354144491124683;0,027268338296573363;0,07192845582036989;0,05031677911760435;0,012583891485517192;9,910561635160146E-5
217;1,018;0,04449433551197801;4;0;17;19;147;8;10;10;5;1;0,1038374242687148;0,1364840239381846;0,5505367838780905;0,026489122396465187;0,11137589238948464;0,05382332813179298;0,017305720181299576;1,47704815967744E-4
219;1,025;0,04446732026143341;2;0;17;20;148;8;10;10;5;1;0,10436591929076211;0,12326343197975127;0,5619082140925418;0,026720790257894495;0,11192190454604925;0,05419183818920926;0,017476835703421414;1,5106594037058495E-4
223;1,04;0,0444416122004313;4;0;18;20;150;8;11;10;5;1;0,09326102900998849;0,12666655190300377;0,5515161118619136;0,027698230086122624;0,12658810273181104;0,055948790305159014;0,018159916072415527;1,6126802958585972E-4
229;1,056;0,04443289760348146;2;0;18;21;152;9;12;11;5;1;0,09873320200389998;0,1196150047949537;0,5780469711609456;0,022508352182388395;0,11318224083122538;0,0483197234076039;0,019417065342765483;1,7744027621736258E-4
240;1,097;0,04435315904138992;4;0;19;21;159;9;14;12;5;1;0,095556906409592;0,13832367719552516;0,5572643744796177;0,02667575702609555;0,11379927507161389;0,04509206056463692;0,023062141735870904;2,2580751704784455E-4
243;1,115;0,044326579520692744;4;0;19;22;160;9;15;12;5;1;0,09815740236801922;0,12316183440625948;0,5554167467832626;0,02762737906200129;0,12494493576286629;0,046543343108874036;0,023907211295594814;2,411472131222305E-4
258;1,172;0,04135561015560574;3;0;20;22;169;10;18;13;5;1;0,09472585785551063;0,13609214159823496;0,492543658743306;0,12421753604078271;0,0818622927944807;0,04284345031611792;0,0274085131301353;3,065495214318604E-4
259;1,178;0,04132066612066165;2;0;20;22;170;10;18;13;5;1;0,0939958749175338;0,13493246690480037;0,49645688587770886;0,12318454736994824;0,08125832786365296;0,04258984466350101;0,027273884732440305;3,08167670414505E-4
261;1,187;0,041314769314764965;2;0;20;22;171;11;18;13;5;1;0,09537685945054213;0,13676541680639895;0,5107641165484225;0,10318969207785088;0,08248845768859954;0,043319063701266536;0,027778246937090363;3,18146789829063E-4
263;1,195;0,04130865410864948;2;0;20;22;172;12;18;13;5;1;0,09635373590171048;0,13799712569450642;0,5226634985540584;0,08722264553681015;0,08337443883234248;0,043880248506630075;0,028180613639408367;3,2769333453361375E-4
265;1,206;0,041287687687683094;2;0;20;22;173;12;18;13;6;1;0,09679270952948726;0,13843809020059214;0,5301518014220253;0,08765293618469144;0,0838000092178467;0,04421115737148311;0,018616975082776963;3,3632099109710096E-4
266;1,212;0,04128703248702781;2;0;20;22;174;12;18;13;6;1;0,09627537778563201;0,13754953841513817;0,5325470375016703;0,08721055683977418;0,08338838774315233;0,04407898119994677;0,018609831251783754;3,4028926290252583E-4
267;1,219;0,041267813267808595;2;0;20;22;175;12;18;13;6;1;0,0956410632326401;0,13653297457629557;0,5355400716297932;0,08665536212631635;0,08286593194461798;0,04386607275067441;0,0185561288359536;3,423949037087367E-4
279;1,251;0,0412206388206342;4;0;22;23;180;13;20;14;6;1;0,08396026150898289;0,13813937276419605;0,5402639343905347;0,0814077795608115;0,09305762771424603;0,04176499597075259;0,020999525160883038;4,065029295931522E-4
281;1,258;0,041064701064696396;2;0;22;24;181;13;20;14;6;1;0,08441829967046459;0,12671932844150963;0,5497878276024623;0,08185855396038863;0,09353992754538508;0,04207020399189811;0,021191354952694263;4,1450383519735505E-4
293;1,294;0,040981927381922745;4;0;22;26;187;14;23;14;6;1;0,09336521471124667;0,11414949269255276;0,5450592821215463;0,07721985670042412;0,09886862054288002;0,046967413693136215;0,023877656998845864;4,924625393679039E-4
299;1,312;0,04093038493038026;4;0;23;27;189;15;24;14;6;1;0,08775285209908461;0,10964755706797255;0,545034188286527;0,06956222008213118;0,11366034298573388;0,04887016811699846;0,02494605119164144;5,266201699108344E-4
305;1,329;0,040916188916184204;4;0;24;28;192;15;25;14;6;1;0,08226552904659416;0,10483684662145709;0,5352266837285242;0,07198036487603442;0,12842793485986076;0,050696190207731466;0,026002258157383013;5,641925024148691E-4
339;1,408;0,040798252798248225;4;0;24;30;218;17;27;15;7;1;0,10352640051385908;0,11373982729201745;0,47325557586846034;0,06879379988131627;0,1626562876291868;0,053936733549446086;0,023270313510819325;8,210617548947186E-4
340;1,414;0,04068512148511705;2;0;24;30;219;17;27;15;7;1;0,10277310748585086;0,11288842542465732;0,4770484218134668;0,06835578053918964;0,1613094203451757;0,05362252505650215;0,023178353211699344;8,239661234582213E-4
341;1,421;0,04067966147965707;2;0;24;30;220;17;27;15;7;1;0,10201945957824309;0,11203704980524203;0,4808430735606157;0,06791650107340841;0,15996498141125262;0,053306892378450405;0,023085232330860666;8,268098619270577E-4
342;1,427;0,04067070707070264;2;0;24;30;221;17;27;15;7;1;0,10131184054817864;0,11123274636012975;0,4843966829123775;0,06751710038096612;0,15866903127611526;0,05302692527884731;0,023014211877073063;8,314613663121645E-4
343;1,433;0,0406462462462418;2;0;24;30;222;17;27;15;7;1;0,10060194114872285;0,11043024999583;0,48796865536537365;0,06710489473575015;0,15739918831026994;0,05273167436572298;0,02292884257557618;8,345535027540892E-4
344;1,439;0,040601692601688;2;0;24;30;223;17;27;15;7;1;0,09991899864949054;0,10965772906695202;0,4914034292830417;0,06670972188546888;0,1561742816153535;0,0524494055239658;0,0228486163271823;8,378176485452468E-4
346;1,446;0,03990958230957786;2;0;24;31;224;17;27;15;7;1;0,09993437173034364;0,10306067576655494;0,4978637532572739;0,06679029803533515;0,15601654446166924;0,0525456935496579;0,02294020598977552;8,48457209389773E-4
347;1,453;0,03974949494949043;2;0;24;31;225;17;27;15;7;1;0,09927347712173819;0,1023720607072431;0,5011268821565752;0,06640835020863492;0,15483060521825528;0,05227321042318823;0,022863540475920104;8,518736884451038E-4
348;1,461;0,036661193212912946;2;0;24;31;226;17;27;15;7;1;0,09868215045800881;0,10175296910045664;0,5040212649984215;0,06609182285891453;0,15370490083241792;0,052061126901571504;0,022826888446870974;8,588764033380165E-4
350;1,477;0,036629228243016954;4;0;24;31;226;17;29;15;7;1;0,09953629680021168;0,10261385743599544;0,503181073908996;0,06683266523172056;0,1509814019795597;0,052723999367931804;0,023238078105993744;8,926271695909888E-4
351;1,485;0,0366274767378173;2;0;24;31;227;17;29;15;7;1;0,09906394746414346;0,10211881836517177;0,5054552111334546;0,06658443353384906;0,1501022348663426;0,052560564637266854;0,023215443133567295;8,993468662042455E-4
352;1,492;0,03662112753146807;2;0;24;31;228;17;29;15;7;1;0,09858327812231862;0,1016153062523932;0,5077710954708745;0,06632980324857962;0,14921270612172474;0,05239175340287155;0,023190071960237764;9,059854209999875E-4
375;1,543;0,036610399562119644;2;0;25;37;240;18;31;16;7;1;0,10405409600194702;0,08102882475557165;0,5156939142888264;0,06787991205895702;0,14914270465279073;0,05371732002952208;0,027346598595632286;0,001136629616752737
384;1,573;0,03659091406677217;4;0;25;37;245;18;33;17;8;1;0,10877000596189759;0,0849351230452485;0,5074168716700799;0,07129138481936431;0,15454120435056395;0,04992593085810002;0,02187065590056509;0,0012488233941806853
387;1,584;0,03657471264367407;2;0;26;37;246;19;33;17;8;1;0,1015231230656598;0,08588531762661542;0,5177094008363077;0,0648527763965947;0,1559602737948717;0,05057348536678246;0,022215036981650654;0,0012805859315176765
393;1,61;0,0365547892720266;2;0;27;37;250;20;33;17;8;1;0,09548511673971358;0,0893442656950935;0,5159256419974436;0,060217156009719025;0,16142661194781668;0,05284594618539665;0,023374968728150435;0,0013802926966665538
397;1,624;0,03655391351942672;2;0;27;38;252;21;33;17;8;1;0,09710537982128783;0,08506798757988047;0,5198188509178572;0,05501999913247107;0,16359800220726226;0,05395287945283082;0,023993390182356078;0,001443510706054394
402;1,647;0,03651122058018208;4;0;27;39;255;21;34;17;8;1;0,09984752916206474;0,07826022773265481;0,5102551209093644;0,05685631101011465;0,17250224175673917;0,055763154618685896;0,0249753239443358;0,0015400908660405009
406;1,673;0,03646414887793803;4;0;27;39;257;21;36;17;8;1;0,10260592547403663;0,0806081091438821;0,5061955424840338;0,05873962824851768;0,1665789466755262;0,057620861087676625;0,0260045325656544;0,0016464543206724499
420;1,714;0,03640109469074604;2;0;27;40;267;22;36;18;9;1;0,11008940492135197;0,08166748226190061;0,49422290611878444;0,05773775996338612;0,17747746590896166;0,05560857554090214;0,021320841377022642;0,0018755639076902106
421;1,725;0,036365626710450405;4;0;27;40;267;22;37;18;9;1;0,10948260083407184;0,08132311165616919;0,4882926084413166;0,05758124427732175;0,1845993313861424;0,05546691382713379;0,02135556380289818;0,001898625774946235
427;1,743;0,036353147235902106;4;0;28;40;270;22;38;19;9;1;0,10360459042324704;0,08308629453857119;0,481311132229667;0,05896223564131417;0,19779507065749727;0,051243172005305884;0,022009610643816787;0,0019878938605808433
446;1,805;0,03632709359605524;4;0;29;41;282;23;42;19;9;1;0,10519040986566461;0,08756901528809588;0,4636846438729751;0,06015628595193051;0,19893318355823153;0,057111470244411544;0,02497933158576672;0,0023756596329241784
454;1,835;0,03626031746031366;4;0;29;41;286;23;45;20;9;1;0,10877748732123968;0,0907454552336722;0,4570741829111199;0,0626069037086269;0,19818833148378417;0,05378220342453738;0,026259815296808934;0,0025656206202107476
457;1,847;0,03624586754241543;4;0;29;42;287;23;46;20;9;1;0,10874506098997311;0,08658067232603815;0,45143192360539797;0,06272460082662923;0,20759978375699728;0,05391557194020992;0,026399387841454396;0,0026029987133000844
458;1,859;0,03620186097427103;4;0;29;42;287;23;47;20;9;1;0,10810070970233257;0,08613785774666954;0,4464777966612075;0,062475792779702964;0,21407850206697615;0,05373078646239487;0,026376199613209177;0,002622354967507324
467;1,884;0,03618675424192297;4;0;31;42;291;24;48;20;10;1;0,09831804394121403;0,0891409074767924;0,44218883521399854;0,06000409178445341;0,22938726083569008;0,055866005258225736;0,02228503689036076;0,002809818599264989
469;1,893;0,03618325123152344;2;0;31;43;292;24;48;20;10;1;0,09837619267622635;0,0848707376320672;0,44643741398113307;0,060124104618690215;0,22896960124628368;0,055989138701461875;0,022392710132131333;0,0028401010120063077
474;1,913;0,03616814449917527;4;0;31;43;295;24;50;20;10;1;0,09949752633385027;0,08592809674945168;0,438157767778538;0,06102219885451432;0,23270759465388433;0,056854197728068295;0,022886993050718594;0,0029456248509744883
492;1,972;0,036121510673231105;4;0;33;44;304;26;54;20;10;1;0,09403588725048596;0,08792149792630603;0,4344860040727585;0,0572624200208008;0,23525883334975012;0,062167682396460255;0,02546101196381367;0,0034066630196246924
497;1,994;0,03607224958948729;4;0;33;44;308;26;55;20;10;1;0,09491185135286391;0,08879280417544767;0,4225171611446345;0,05804760893835373;0,24322186872680462;0,06297475831185359;0,025994107941156818;0,0035398394088851444
499;2,021;0,036055172413789416;4;0;33;44;308;26;57;20;10;1;0,09595402400306022;0,08981171283995819;0,42249976597484323;0,05889719204952981;0,2387823328558712;0,06385825310263035;0,026530559984204;0,0036661591899030334
502;2,045;0,036039189928841364;4;0;33;45;308;26;59;20;10;1;0,09772329611564816;0,08573602135058662;0,42390633586814386;0,06027912235122932;0,23582089833097813;0,06530331109958978;0,027372294170848736;0,0038587207129752383
512;2,095;0,035987301587297904;4;0;33;47;312;27;62;20;10;1;0,10317524006265594;0,07947013905411869;0,4224063234440516;0,05937023476980827;0,23233207344304802;0,06941706864932831;0,029526610477477077;0,0043023100995120515
515;2,115;0,035932785987954685;4;0;33;48;312;27;64;20;10;1;0,10441437507901831;0,07674563244185241;0,42253783921068244;0,060357794917204624;0,23080274940348938;0,07048079414534009;0,030191211626680436;0,004469603175732339
598;2,33;0,035915489874106976;4;0;40;56;347;31;81;28;14;1;0,10373792085211458;0,08325903469101;0,43299427101597876;0,06870937335650434;0,22070768647463532;0,05841157917470791;0,024659557395186993;0,007520577039862229
621;2,396;0,03589644225505928;4;0;44;57;355;33;86;30;15;1;0,09523866482690334;0,08777072962229886;0,43591651050347896;0,06843260444319628;0,22339581808531284;0,056908993735001995;0,023743598873193553;0,008593079910614193
622;2,405;0,03587783251231158;4;0;44;57;355;33;87;30;15;1;0,09487162220200349;0,0874533071272221;0,43231311905170033;0,06823466261479463;0,22798391866764287;0,05677492979491216;0,0237481732627795;0,008620267278944882
623;2,493;0,03587695675971159;7;0;44;57;355;33;87;30;15;2;0,09677230464465321;0,08941010041661236;0,4225402478182423;0,07025055613040918;0,2268810307803234;0,05875563340306765;0,025187252130263346;0,010202874676428794
640;2,548;0,035858347016964;4;0;45;58;359;35;94;31;16;2;0,09836747464753633;0,09167830905150331;0,425576760862412;0,0683541123907851;0,220955053972523;0,0594213733352367;0,02452619743211286;0,011120718307890765
1000;3,509;0,035858347016964;-1;-1;85;91;504;68;167;58;23;4;0,08988149998095607;0,10970094659548696;0,40553647261145603;0,06920105753053092;0,19985207237755814;0,0632487720261854;0,04305157740048354;0,019527601477342886
1041;3,658;0,035858128078813944;6;0;89;95;522;73;174;59;24;5;0,08616165272606924;0,10538534261733241;0,3778195589210058;0,06528391891499707;0,18970752361742313;0,06347538367878704;0,09520139482992832;0,01696522469445704
1098;3,899;0,03585725232621395;6;0;92;100;546;76;183;65;29;7;0,08786348538399562;0,10459195965985203;0,3574217307862204;0,06690416994967244;0,18433663592756303;0,06134950786366502;0,12325638567838625;0,014276124750645172
1110;3,98;0,03585703338806412;6;0;94;100;549;76;185;67;31;8;0,08458086187584414;0,1026565870427395;0,3436096821560088;0,06603254467183803;0,17776406314715779;0,058783360205023324;0,15382685728337772;0,012746043618010633
1137;4,043;0,0358530925013647;6;0;98;103;557;76;189;71;35;8;0,08167708041255292;0,10016006285688711;0,33680818635054355;0,06667341311836675;0,17437519971122878;0,05594539559445229;0,17129886068549205;0,013061801270476523
1156;4,093;0,03584915161466529;0;0;99;104;564;77;194;74;36;8;0,12289677166683985;0,09695806149809198;0,3222126426937691;0,06432845427558954;0,16563615344845684;0,05265713878282947;0,16237029776737383;0,012940479867049529
1160;4,106;0,03584740010946552;2;0;101;104;565;77;195;74;36;8;0,11988283933054425;0,09711035321890052;0,32526233221374107;0,0644715282938916;0,16498743296197543;0,052791052080302166;0,16249209776415116;0,013002364136493683
1171;4,136;0,035845648604265645;6;0;102;104;567;78;196;76;40;8;0,11731717766806962;0,09628813508432253;0,31979647218015234;0,06314146313253416;0,16249263785949694;0,05111375273165914;0,17685348863979622;0,01299687270396919
1186;4,178;0,03584477285166576;6;0;103;105;574;78;199;77;42;8;0,11483154925808894;0,0945698494694431;0,31124392685872815;0,06271946071770079;0,15839933096354722;0,05018864347806864;0,19503212233441572;0,013015116920007291
1256;4,438;0,035841488779416175;6;0;113;114;590;83;212;82;52;10;0,10963602962403261;0,09401818624080428;0,31579771267810525;0,06429043621717803;0,15874470455529419;0,051285542010678024;0,1939860389585049;0,01224134971540284
1261;4,455;0,03583886152161653;6;0;115;114;590;83;213;82;54;10;0,10578644402102907;0,09275273015807196;0,3109970738075424;0,06346027795661635;0,1557932129947309;0,05064000160123116;0,20845771019993237;0,012112549260845873
1284;4,565;0,03582703886151806;2;0;117;116;599;84;216;83;58;11;0,10645435523550187;0,09375813202341418;0,3152688076145243;0,06478792122828436;0,1570390434918757;0,051793959605996254;0,19921473087850597;0,011683049921897592
1310;4,679;0,03550738916255802;7;0;119;118;607;87;218;85;64;12;0,1075558668856588;0,09512280132808769;0,3175833226373644;0,06469466768594107;0,15998274500865978;0,052491698534033585;0,1853706467796129;0,017198251140641774
1313;4,688;0,03539682539682176;2;0;119;118;608;88;218;86;64;12;0,10739468735268656;0,09498642531187663;0,31985831723940517;0,06395945000100625;0,15970945420599708;0,05186295759825431;0,18503957008193897;0,017189138208835067
1315;4,697;0,03534953475642788;4;0;119;118;608;88;219;87;64;12;0,10710266041720252;0,09473497185516416;0,3187841005485055;0,06380495588361872;0,16286613606090103;0,05106887750468341;0,18447743773797548;0,017160859991949252
1320;4,716;0,035300054734534014;4;0;120;118;608;88;221;87;66;12;0,10645101473768638;0,09513841380736532;0,3196461285261766;0,06410901941166172;0,16637949574777006;0,051326834858379744;0,17967752097877776;0,017271571932182476
1329;4,742;0,03524926108374027;4;0;121;119;610;89;222;87;69;12;0,1062960524894605;0,09517244032442873;0,32069146497973594;0,06405398279531764;0,17116147150922065;0,05179180804450413;0,17337546624943864;0,0174573136078938
1332;4,753;0,03514679802955323;4;0;121;120;611;89;223;87;69;12;0,10607915029621132;0,09425124408665425;0,31933544243133155;0,06394655382070397;0,17426958659649924;0,05171284253708055;0,17296085326399188;0,017444326967527176
1337;4,768;0,03512052545155642;4;0;121;120;614;89;224;88;69;12;0,10594336628231692;0,09414038496214193;0,3172864837969082;0,06389312763476215;0,17748932785278793;0,051132413528111126;0,1726652245266233;0,017449671416348445
1351;4,862;0,035116146688557004;6;0;122;121;620;89;226;88;72;13;0,10475233833625365;0,09317951560996122;0,31216996089987153;0,06394629434669336;0,17535265462299768;0,05123176011166597;0,18308991136827601;0,016277564704280514
1352;4,868;0,035108483853308114;2;0;122;121;621;89;226;88;72;13;0,10446923371671146;0,0929309014747939;0,31405338526715054;0,0637827708807706;0,17485213284095666;0,051104096630620655;0,18256497603039992;0,01624250315859618
1354;4,877;0,03509140667761024;2;0;122;121;622;89;226;88;73;13;0,1044749209742077;0,09294071588316034;0,3167259319034395;0,06380000395723313;0,17482228267100236;0,05112285705442395;0,17985667740624367;0,01625661015028928
1362;4,9;0,03503929939791672;4;0;122;122;624;91;228;89;73;13;0,10460053810551728;0,09232539590990593;0,3157714284099103;0,06267889044565378;0,17765433424287852;0,050690434434573044;0,17997133083466454;0,016307647616896532
1382;4,995;0,03502090859331919;2;0;127;124;629;93;228;91;76;14;0,10155335724100531;0,09244771697432516;0,32113227791650617;0,06281347324731812;0,18056392166425175;0,05074645065352157;0,1751908247088109;0,015551977594260998
1409;5,111;0,034966174055825916;4;0;133;125;638;94;230;94;80;15;0,09852610204852082;0,0938330412909726;0,3223533602055522;0,0637517139639116;0,18693733021318293;0,05050044324608817;0,1691021832295043;0,014995825802267335
1422;5,151;0,03496420361247632;6;0;134;127;640;94;234;95;83;15;0,09742347073154457;0,09221036198565345;0,3200579224718818;0,06360147910377288;0,18341841888942031;0,04989486029004838;0,17840826651382852;0,014985220013850086
1429;5,173;0,034963327859876325;6;0;134;129;642;94;236;95;84;15;0,09645662046389626;0,08998552616353722;0,3157626845237403;0,06298592564684541;0,18016202995739644;0,049418948649696565;0,19037557686237067;0,014852687732517038
1430;5,181;0,03496245210727644;6;0;134;129;642;94;236;95;85;15;0,09518644190491032;0,08880166377380413;0,3115385536501746;0,06216123739175776;0,17776973274179958;0,048774010487663416;0,20110635598452356;0,014662004065366671
1450;5,29;0,03496201423097656;6;0;134;130;651;95;236;96;92;16;0,09617432651897016;0,0891121850135298;0,3097903990856016;0,062313820647076704;0,17934439515662445;0,04888681733082575;0,20039054512236992;0,013987511125001592
1454;5,302;0,03495544608647749;2;0;134;130;652;96;237;97;92;16;0,09609620949235281;0,08904130393892104;0,3120854996290885;0,06168484418632499;0,17852465975002565;0,04839006190049302;0,20019531887832479;0,013982102224469325
1471;5,346;0,03495062944717808;2;0;135;132;657;97;240;99;95;16;0,09644629955552292;0,0887961147951171;0,3164583303081824;0,06184982543776309;0,1784903530279873;0,048046895795541326;0,19574657504864237;0,01416560603124349
1474;5,358;0,03494887794197832;6;0;135;133;657;97;241;99;96;16;0,09547337693431568;0,08726737416580178;0,3131913374171234;0,06123135841177037;0,17603847960282826;0,04756886053664772;0,20520110923923576;0,01402810369227711
1476;5,368;0,034921072796931796;4;0;135;134;657;97;242;99;96;16;0,0952314231647332;0,0864211150684831;0,3123479346951174;0,06107981588808041;0,17881072278249358;0,047452736024009914;0,20466010528005285;0,013996147097029638
1488;5,403;0,03491012588943332;2;0;136;135;662;98;245;99;97;16;0,09472903358513526;0,08632149766177487;0,31496056546159196;0,06090089451088655;0,17779537667632844;0,04774078345008504;0,20346242857845065;0,014089420075747285
1496;5,482;0,034909906951283265;0;0;138;136;664;98;245;99;99;17;0,12190705251213764;0,08359937992566399;0,3069654753770049;0,059611375997618975;0,17386704002946576;0,04673991140787194;0,1943030428233248;0,013006721926912036
1497;5,492;0,03488188286808669;4;0;138;136;664;98;246;99;99;17;0,1215462450497128;0,08335491535690645;0,3060303103768509;0,05943895292562627;0,1763333745529394;0,04660578707698035;0,19371945277772265;0,012970961883261262
1498;5,499;0,03190430727023019;2;0;138;136;665;98;246;99;99;17;0,12124483540423803;0,08315048905812522;0,30775180891224496;0,05929463559222946;0,17589135314897789;0,046493449473085785;0,19323252999253301;0,012940898418565707
1499;5,506;0,0318834567901205;2;0;138;136;666;98;246;99;99;17;0,12094179351445572;0,08294431359174743;0,30948246098423093;0,05914866836901265;0,17544827815713865;0,04637959116701036;0,1927448146931182;0,012910079523285883
1502;5,519;0,031866337448556714;4;0;139;136;667;98;247;99;99;17;0,11998739331797693;0,0828163046915594;0,3084263459556555;0,059059739417214846;0,1780778372493651;0,04631118901648605;0,19242820593819404;0,012892984413548018
1514;5,558;0,031859972565154826;4;0;141;137;671;98;249;100;101;17;0,11929800968877666;0,08276385541580272;0,30836691211358475;0,05948346359641486;0,18122142230862817;0,046045428584699157;0,18982966511594476;0,012991243176149024
1528;5,597;0,031859753086416864;2;0;143;139;676;99;251;100;103;17;0,11855514743533373;0,08209258371044734;0,3116244083183493;0,05940982457854655;0,18119488874025577;0,04644089209593071;0,18757545250617608;0,013106802614960516
1545;5,753;0,03179610425239776;4;0;146;141;679;99;254;100;107;19;0,11772642384576613;0,08190059354964467;0,31382637068042085;0,06014182358615907;0,18498301300937278;0,047019446380303954;0,1824767813366221;0,011925547611710328
1546;5,76;0,03176449931412617;2;0;146;141;680;99;254;100;107;19;0,1174328285030689;0,08169670857921708;0,3155378864995804;0,059992333507836004;0,18452066089840058;0,04690271581850875;0,182020723958563;0,011896142234825236
1551;5,778;0,031755061728392264;4;0;147;141;681;99;256;101;107;19;0,11669648699884357;0,08165017729517364;0,3149315543618179;0,05995868175997603;0,18656759356987182;0,04639252077094021;0,18191297819604954;0,011890007047327417
1552;5,787;0,03175374485596416;6;0;147;141;681;99;256;101;108;19;0,11557316716414448;0,0808645620524743;0,3118962829158343;0,05938199761885157;0,1847706471289444;0,04594645873819338;0,1897910054932427;0,011775878888314637
1560;5,81;0,031734430727020424;4;0;149;143;682;99;257;101;110;19;0,11468269090301086;0,08012806657355573;0,31278786830451333;0,05963246850098662;0,18839211912354936;0,04614056274526822;0,18641018383737906;0,011826040011737007
1566;5,833;0,03170480109739082;4;0;149;144;684;99;259;101;111;19;0,11481107603123036;0,07967510035746347;0,3122391914863587;0,05969996612811074;0,19066764399145064;0,04619301360944788;0,18487421939599516;0,011839788999942973
1573;5,858;0,03169404663922892;4;0;150;144;686;99;262;102;111;19;0,11390267386744227;0,07975343846864646;0,3115083618815415;0,05975890907351068;0,19234977935036926;0,04582130579894649;0,18505378079000778;0,01185175076953565
1577;5,873;0,031692071330587046;2;0;150;144;688;100;263;102;111;19;0,11383532204902784;0,07970644511070768;0,31313470944663047;0,059168175608190474;0,1915721612212201;0,045794454377179154;0,18494383316829702;0,011844899018747206
1580;5,888;0,031670123456787436;4;0;150;145;688;100;264;102;112;19;0,11380139901147818;0,07918115174536244;0,31304014955258697;0,059150695620302965;0,19436360408095768;0,04578097149319066;0,18284055391402496;0,011841474582096315
1585;5,909;0,03158803840877655;4;0;150;146;689;100;266;102;113;19;0,11389080465092871;0,07870688715122302;0,3128604498164769;0,05919731297611115;0,19658795965818474;0,045817096523576316;0,18108860996141957;0,011850879262079618
1611;6,021;0,03152438957475734;4;0;151;150;700;101;270;104;115;20;0,11454602802332316;0,07767968353753593;0,31188057941765424;0,05933913652119262;0,19963724382864279;0,04553210878441038;0,17992884637667328;0,01145637351056773
1624;6,055;0,03151122085047753;4;0;153;152;704;101;273;105;116;20;0,11363889708032968;0,07707261158784923;0,31168247518893405;0,059603603701690176;0,20200220480410216;0,04534521936354463;0,1791474004633937;0,01150758781015643
1628;6,071;0,03146908093278211;4;0;153;152;706;101;274;105;117;20;0,11360545847925173;0,07705015155935767;0,3107659189962247;0,05958634641135097;0,20466657966587826;0,04533218102424617;0,17748896949450338;0,011504394369187163
1635;6,095;0,03139445816186315;4;0;154;152;708;101;276;106;118;20;0,11309944680635022;0,07716562090168103;0,3103753008626942;0,05967585047244972;0,20695732686097829;0,045009852514948115;0,17619467154473875;0,011521930036159648
1637;6,107;0,031393141289435156;6;0;154;152;708;101;277;106;119;20;0,11213217326058823;0,07650597253555644;0,30771761188272234;0,05916587109774261;0,20446252939470183;0,04462533706973201;0,18396684375585376;0,011423661003102914
1641;6,12;0,03137711934156129;4;0;154;153;710;101;278;106;119;20;0,11197686653686223;0,07590752794788068;0,30647417067962174;0,0590844339139883;0,20687391035571565;0,04456408331438015;0,18371081696623198;0,011408190285319267
1643;6,133;0,03131303155006615;4;0;154;153;710;101;280;106;119;20;0,11176037390608;0,07576117181008604;0,3058774485887509;0,058970715349642454;0,20841091966083852;0,04447848261163957;0,18335439985101407;0,011386488221948536
1649;6,15;0,031311275720162235;6;0;154;154;712;102;280;106;121;20;0,1111336040824425;0,07480969170289958;0,30337838185636756;0,058042472782028745;0,2072389773096579;0,044230031400208085;0,18984358088323408;0,011323259983161553
1657;6,18;0,03129152263374246;2;0;155;154;713;103;283;106;123;20;0,11097269208684543;0,07511426676091573;0,30703053652726214;0,05772113184157942;0,20606079795616167;0,04441127652503915;0,187318861431411;0,011370436870785448
1669;6,207;0,03129152263374246;-1;-1;157;154;716;104;284;107;126;20;0,11043773753769093;0,07579686003998208;0,30852091660349185;0,05770609094868317;0,20723968840442114;0,04436063594808528;0,1844627778278957;0,01147529268974979
