Iteration;Time;BestFitness;CurrentFitness;Threshold
2;0,006;0,10230498812351596;0,10230498812351596;0,10230498812351596
3;0,017;0,1020066508313544;0,10230498812351596;0,10230498812351596
4;0,026;0,10181155977830614;0,1020066508313544;0,1020066508313544
6;0,041;0,10124022169437874;0,10181155977830614;0,10181155977830614
8;0,046;0,10124022169437874;0,10124022169437874;0,10181155977830614
11;0,143;0,10124022169437874;0,10124022169437874;0,10181155977830614
12;0,159;0,10121488519398303;0,10124022169437874;0,10124022169437874
13;0,161;0,10121488519398303;0,10121488519398303;0,10124022169437874
15;0,185;0,10111269464238626;0,10121488519398303;0,10121488519398303
16;0,195;0,09834349206349247;0,10111269464238626;0,10111269464238626
17;0,204;0,09717756613756601;0,09834349206349247;0,09834349206349247
18;0,217;0,09403850437549732;0,09717756613756601;0,09717756613756601
20;0,229;0,09359554494828981;0,09403850437549732;0,09403850437549732
21;0,237;0,08995704412546535;0,09359554494828981;0,09359554494828981
23;0,244;0,08952493354598623;0,08995704412546535;0,08995704412546535
24;0,251;0,08872812333864988;0,08952493354598623;0,08952493354598623
25;0,257;0,08569485744737582;0,08872812333864988;0,08872812333864988
26;0,27;0,08567375432986979;0,08569485744737582;0,08569485744737582
28;0,292;0,08479360511590772;0,08567375432986979;0,08567375432986979
29;0,309;0,08453759658939564;0,08479360511590772;0,08479360511590772
30;0,318;0,08453759658939564;0,08453759658939564;0,08479360511590772
31;0,327;0,08145491452991516;0,08453759658939564;0,08453759658939564
32;0,334;0,08095384615384671;0,08145491452991516;0,08145491452991516
33;0,342;0,0801017094017098;0,08095384615384671;0,08095384615384671
34;0,349;0,07709344042838029;0,0801017094017098;0,0801017094017098
36;0,356;0,07651512717536813;0,07709344042838029;0,07709344042838029
37;0,364;0,07570398929049493;0,07651512717536813;0,07651512717536813
39;0,371;0,07275126140633303;0,07570398929049493;0,07570398929049493
40;0,378;0,0723441760601169;0,07275126140633303;0,07275126140633303
41;0,385;0,07157423510466854;0,0723441760601169;0,0723441760601169
42;0,387;0,07157423510466854;0,07157423510466854;0,0723441760601169
44;0,394;0,0683880548829684;0,07157423510466854;0,07157423510466854
45;0,401;0,06819026096314029;0,0683880548829684;0,0683880548829684
46;0,407;0,06773139628732627;0,06819026096314029;0,06819026096314029
48;0,423;0,06770492332526012;0,06773139628732627;0,06773139628732627
49;0,443;0,06708506860371033;0,06770492332526012;0,06770492332526012
50;0,453;0,06706526768899401;0,06708506860371033;0,06708506860371033
52;0,461;0,0639508090614862;0,06706526768899401;0,06706526768899401
53;0,467;0,063897734627829;0,0639508090614862;0,0639508090614862
54;0,476;0,06389061488672876;0,063897734627829;0,063897734627829
55;0,483;0,06387055016180965;0,06389061488672876;0,06389061488672876
56;0,484;0,06387055016180965;0,06387055016180965;0,06389061488672876
57;0,491;0,06360323624595188;0,06387055016180965;0,06387055016180965
58;0,497;0,06300733549082771;0,06360323624595188;0,06360323624595188
59;0,501;0,06300733549082771;0,06300733549082771;0,06360323624595188
60;0,508;0,062481553398055056;0,06300733549082771;0,06300733549082771
61;0,514;0,05955317653419501;0,062481553398055056;0,062481553398055056
62;0,521;0,05891949175452493;0,05955317653419501;0,05955317653419501
63;0,527;0,0588667207353305;0,05891949175452493;0,05891949175452493
65;0,534;0,05804466071910974;0,0588667207353305;0,0588667207353305
66;0,541;0,05802822384427886;0,05804466071910974;0,05804466071910974
67;0,548;0,05802562854825288;0,05802822384427886;0,05802822384427886
68;0,554;0,058021086780207454;0,05802562854825288;0,05802562854825288
69;0,556;0,058021086780207454;0,058021086780207454;0,05802562854825288
70;0,559;0,058021086780207454;0,058021086780207454;0,05802562854825288
72;0,562;0,058021086780207454;0,058021086780207454;0,05802562854825288
73;0,564;0,058021086780207454;0,058021086780207454;0,05802562854825288
74;0,566;0,058021086780207454;0,058021086780207454;0,05802562854825288
75;0,568;0,058021086780207454;0,058021086780207454;0,05802562854825288
76;0,57;0,058021086780207454;0,058021086780207454;0,05802562854825288
77;0,572;0,058021086780207454;0,058021086780207454;0,05802562854825288
78;0,575;0,058021086780207454;0,058021086780207454;0,05802562854825288
79;0,581;0,05507728997289629;0,058021086780207454;0,058021086780207454
80;0,592;0,05496910569105318;0,05507728997289629;0,05507728997289629
82;0,612;0,05463913279132404;0,05496910569105318;0,05496910569105318
83;0,639;0,05392281842818003;0,05463913279132404;0,05463913279132404
84;0,646;0,05056104319477972;0,05392281842818003;0,05392281842818003
85;0,655;0,050543004618305964;0,05056104319477972;0,05056104319477972
86;0,658;0,050543004618305964;0,050543004618305964;0,05056104319477972
88;0,664;0,05036913882096794;0,050543004618305964;0,050543004618305964
89;0,672;0,05034240695462744;0,05036913882096794;0,05036913882096794
90;0,681;0,050312849769080015;0,05034240695462744;0,05034240695462744
91;0,688;0,05007986960064781;0,050312849769080015;0,050312849769080015
92;0,694;0,049557837544141226;0,05007986960064781;0,05007986960064781
94;0,703;0,04895973920129948;0,049557837544141226;0,049557837544141226
96;0,709;0,04894496060852582;0,04895973920129948;0,04895973920129948
97;0,716;0,045974291938993495;0,04894496060852582;0,04894496060852582
98;0,721;0,0459511982570765;0,045974291938993495;0,045974291938993495
99;0,727;0,045853812636161506;0,0459511982570765;0,0459511982570765
100;0,732;0,045853812636161506;0,045853812636161506;0,0459511982570765
101;0,738;0,04583856209149928;0,045853812636161506;0,045853812636161506
102;0,74;0,04583856209149928;0,04583856209149928;0,045853812636161506
103;0,742;0,04583856209149928;0,04583856209149928;0,045853812636161506
104;0,744;0,04583856209149928;0,04583856209149928;0,045853812636161506
105;0,746;0,04583856209149928;0,04583856209149928;0,045853812636161506
106;0,748;0,04583856209149928;0,04583856209149928;0,045853812636161506
107;0,749;0,04583856209149928;0,04583856209149928;0,045853812636161506
110;0,755;0,04583856209149928;0,04583856209149928;0,045853812636161506
112;0,758;0,04583856209149928;0,04583856209149928;0,045853812636161506
113;0,76;0,04583856209149928;0,04583856209149928;0,045853812636161506
114;0,762;0,04583856209149928;0,04583856209149928;0,045853812636161506
115;0,764;0,04583856209149928;0,04583856209149928;0,045853812636161506
116;0,765;0,04583856209149928;0,04583856209149928;0,045853812636161506
117;0,768;0,04583856209149928;0,04583856209149928;0,045853812636161506
118;0,774;0,045812636165573184;0,04583856209149928;0,04583856209149928
119;0,78;0,04581176470587811;0,045812636165573184;0,045812636165573184
120;0,787;0,04580130718953834;0,04581176470587811;0,04581176470587811
121;0,793;0,04579934640522454;0,04580130718953834;0,04580130718953834
122;0,796;0,04579934640522454;0,04579934640522454;0,04580130718953834
123;0,798;0,04579934640522454;0,04579934640522454;0,04580130718953834
124;0,799;0,04579934640522454;0,04579934640522454;0,04580130718953834
125;0,801;0,04579934640522454;0,04579934640522454;0,04580130718953834
126;0,803;0,04579934640522454;0,04579934640522454;0,04580130718953834
127;0,806;0,04579934640522454;0,04579934640522454;0,04580130718953834
128;0,807;0,04579934640522454;0,04579934640522454;0,04580130718953834
129;0,809;0,04579934640522454;0,04579934640522454;0,04580130718953834
130;0,811;0,04579934640522454;0,04579934640522454;0,04580130718953834
132;0,814;0,04579934640522454;0,04579934640522454;0,04580130718953834
133;0,816;0,04579934640522454;0,04579934640522454;0,04580130718953834
134;0,817;0,04579934640522454;0,04579934640522454;0,04580130718953834
135;0,819;0,04579934640522454;0,04579934640522454;0,04580130718953834
136;0,821;0,04579934640522454;0,04579934640522454;0,04580130718953834
137;0,823;0,04579934640522454;0,04579934640522454;0,04580130718953834
138;0,825;0,04579934640522454;0,04579934640522454;0,04580130718953834
139;0,827;0,04579934640522454;0,04579934640522454;0,04580130718953834
140;0,829;0,04579934640522454;0,04579934640522454;0,04580130718953834
141;0,831;0,04579934640522454;0,04579934640522454;0,04580130718953834
142;0,833;0,04579934640522454;0,04579934640522454;0,04580130718953834
143;0,835;0,04579934640522454;0,04579934640522454;0,04580130718953834
144;0,837;0,04579934640522454;0,04579934640522454;0,04580130718953834
145;0,839;0,04579934640522454;0,04579934640522454;0,04580130718953834
146;0,841;0,04579934640522454;0,04579934640522454;0,04580130718953834
147;0,843;0,04579934640522454;0,04579934640522454;0,04580130718953834
148;0,845;0,04579934640522454;0,04579934640522454;0,04580130718953834
149;0,847;0,04579934640522454;0,04579934640522454;0,04580130718953834
150;0,849;0,04579934640522454;0,04579934640522454;0,04580130718953834
151;0,85;0,04579934640522454;0,04579934640522454;0,04580130718953834
153;0,853;0,04579934640522454;0,04579934640522454;0,04580130718953834
154;0,854;0,04579934640522454;0,04579934640522454;0,04580130718953834
155;0,856;0,04579934640522454;0,04579934640522454;0,04580130718953834
156;0,859;0,04579934640522454;0,04579934640522454;0,04580130718953834
157;0,861;0,04579934640522454;0,04579934640522454;0,04580130718953834
158;0,862;0,04579934640522454;0,04579934640522454;0,04580130718953834
159;0,868;0,045798692810453234;0,04579934640522454;0,04579934640522454
160;0,87;0,045798692810453234;0,045798692810453234;0,04579934640522454
162;0,873;0,045798692810453234;0,045798692810453234;0,04579934640522454
163;0,875;0,045798692810453234;0,045798692810453234;0,04579934640522454
164;0,877;0,045798692810453234;0,045798692810453234;0,04579934640522454
165;0,878;0,045798692810453234;0,045798692810453234;0,04579934640522454
166;0,88;0,045798692810453234;0,045798692810453234;0,04579934640522454
167;0,882;0,045798692810453234;0,045798692810453234;0,04579934640522454
168;0,884;0,045798692810453234;0,045798692810453234;0,04579934640522454
169;0,886;0,045798692810453234;0,045798692810453234;0,04579934640522454
171;0,895;0,04576339869280621;0,045798692810453234;0,045798692810453234
172;0,899;0,04576339869280621;0,04576339869280621;0,045798692810453234
173;0,901;0,04576339869280621;0,04576339869280621;0,045798692810453234
174;0,903;0,04576339869280621;0,04576339869280621;0,045798692810453234
175;0,905;0,04576339869280621;0,04576339869280621;0,045798692810453234
176;0,907;0,04576339869280621;0,04576339869280621;0,045798692810453234
177;0,915;0,04575403050108506;0,04576339869280621;0,04576339869280621
178;0,917;0,04575403050108506;0,04575403050108506;0,04576339869280621
180;0,92;0,04575403050108506;0,04575403050108506;0,04576339869280621
181;0,922;0,04575403050108506;0,04575403050108506;0,04576339869280621
182;0,924;0,04575403050108506;0,04575403050108506;0,04576339869280621
183;0,93;0,04575294117646633;0,04575403050108506;0,04575403050108506
184;0,932;0,04575294117646633;0,04575294117646633;0,04575403050108506
185;0,934;0,04575294117646633;0,04575294117646633;0,04575403050108506
186;0,935;0,04575294117646633;0,04575294117646633;0,04575403050108506
187;0,941;0,04563877995642285;0,04575294117646633;0,04575294117646633
188;0,942;0,04563877995642285;0,04563877995642285;0,04575294117646633
189;0,943;0,04563877995642285;0,04563877995642285;0,04575294117646633
191;0,949;0,04471416122003935;0,04563877995642285;0,04563877995642285
193;0,956;0,04466732026143361;0,04471416122003935;0,04471416122003935
194;0,962;0,04464749455337247;0,04466732026143361;0,04466732026143361
195;0,967;0,04464509803921113;0,04464749455337247;0,04464749455337247
196;0,975;0,04464466230936359;0,04464509803921113;0,04464509803921113
197;0,977;0,04464466230936359;0,04464466230936359;0,04464509803921113
198;0,979;0,04464466230936359;0,04464466230936359;0,04464509803921113
200;0,982;0,04464466230936359;0,04464466230936359;0,04464509803921113
202;0,986;0,04464466230936359;0,04464466230936359;0,04464509803921113
204;0,989;0,04464466230936359;0,04464466230936359;0,04464509803921113
209;0,995;0,04464466230936359;0,04464466230936359;0,04464509803921113
210;0,997;0,04464466230936359;0,04464466230936359;0,04464509803921113
211;0,999;0,04464466230936359;0,04464466230936359;0,04464509803921113
212;1,001;0,04464466230936359;0,04464466230936359;0,04464509803921113
213;1,003;0,04464466230936359;0,04464466230936359;0,04464509803921113
214;1,006;0,04464466230936359;0,04464466230936359;0,04464509803921113
215;1,008;0,04464466230936359;0,04464466230936359;0,04464509803921113
216;1,009;0,04464466230936359;0,04464466230936359;0,04464509803921113
217;1,018;0,04449433551197801;0,04464466230936359;0,04464466230936359
219;1,025;0,04446732026143341;0,04449433551197801;0,04449433551197801
223;1,04;0,0444416122004313;0,04446732026143341;0,04446732026143341
224;1,044;0,0444416122004313;0,0444416122004313;0,04446732026143341
228;1,05;0,0444416122004313;0,0444416122004313;0,04446732026143341
229;1,056;0,04443289760348146;0,0444416122004313;0,0444416122004313
233;1,068;0,04443289760348146;0,04443289760348146;0,0444416122004313
240;1,098;0,04435315904138992;0,04443289760348146;0,04443289760348146
243;1,115;0,044326579520692744;0,04435315904138992;0,04435315904138992
245;1,125;0,044326579520692744;0,044326579520692744;0,04435315904138992
251;1,146;0,044326579520692744;0,044326579520692744;0,04435315904138992
252;1,153;0,044326579520692744;0,044326579520692744;0,04435315904138992
258;1,172;0,04135561015560574;0,044326579520692744;0,044326579520692744
259;1,178;0,04132066612066165;0,04135561015560574;0,04135561015560574
260;1,18;0,04132066612066165;0,04132066612066165;0,04135561015560574
261;1,187;0,041314769314764965;0,04132066612066165;0,04132066612066165
262;1,188;0,041314769314764965;0,041314769314764965;0,04132066612066165
263;1,195;0,04130865410864948;0,041314769314764965;0,041314769314764965
264;1,198;0,04130865410864948;0,04130865410864948;0,041314769314764965
265;1,206;0,041287687687683094;0,04130865410864948;0,04130865410864948
266;1,213;0,04128703248702781;0,041287687687683094;0,041287687687683094
267;1,219;0,041267813267808595;0,04128703248702781;0,04128703248702781
269;1,223;0,041267813267808595;0,041267813267808595;0,04128703248702781
270;1,228;0,041267813267808595;0,041267813267808595;0,04128703248702781
271;1,23;0,041267813267808595;0,041267813267808595;0,04128703248702781
272;1,233;0,041267813267808595;0,041267813267808595;0,04128703248702781
274;1,236;0,041267813267808595;0,041267813267808595;0,04128703248702781
276;1,238;0,041267813267808595;0,041267813267808595;0,04128703248702781
277;1,24;0,041267813267808595;0,041267813267808595;0,04128703248702781
278;1,242;0,041267813267808595;0,041267813267808595;0,04128703248702781
279;1,251;0,0412206388206342;0,041267813267808595;0,041267813267808595
280;1,252;0,0412206388206342;0,0412206388206342;0,041267813267808595
281;1,258;0,041064701064696396;0,0412206388206342;0,0412206388206342
282;1,26;0,041064701064696396;0,041064701064696396;0,0412206388206342
283;1,261;0,041064701064696396;0,041064701064696396;0,0412206388206342
285;1,268;0,041064701064696396;0,041064701064696396;0,0412206388206342
287;1,274;0,041064701064696396;0,041064701064696396;0,0412206388206342
291;1,283;0,041064701064696396;0,041064701064696396;0,0412206388206342
293;1,294;0,040981927381922745;0,041064701064696396;0,041064701064696396
297;1,301;0,040981927381922745;0,040981927381922745;0,041064701064696396
298;1,302;0,040981927381922745;0,040981927381922745;0,041064701064696396
299;1,312;0,04093038493038026;0,040981927381922745;0,040981927381922745
305;1,329;0,040916188916184204;0,04093038493038026;0,04093038493038026
328;1,375;0,040916188916184204;0,040916188916184204;0,04093038493038026
329;1,379;0,040916188916184204;0,040916188916184204;0,04093038493038026
333;1,388;0,040916188916184204;0,040916188916184204;0,04093038493038026
334;1,391;0,040916188916184204;0,040916188916184204;0,04093038493038026
339;1,408;0,040798252798248225;0,040916188916184204;0,040916188916184204
340;1,414;0,04068512148511705;0,040798252798248225;0,040798252798248225
341;1,421;0,04067966147965707;0,04068512148511705;0,04068512148511705
342;1,427;0,04067070707070264;0,04067966147965707;0,04067966147965707
343;1,433;0,0406462462462418;0,04067070707070264;0,04067070707070264
344;1,439;0,040601692601688;0,0406462462462418;0,0406462462462418
346;1,446;0,03990958230957786;0,040601692601688;0,040601692601688
347;1,454;0,03974949494949043;0,03990958230957786;0,03990958230957786
348;1,461;0,036661193212912946;0,03974949494949043;0,03974949494949043
349;1,467;0,036661193212912946;0,036661193212912946;0,03974949494949043
350;1,477;0,036629228243016954;0,036661193212912946;0,036661193212912946
351;1,485;0,0366274767378173;0,036629228243016954;0,036629228243016954
352;1,492;0,03662112753146807;0,0366274767378173;0,0366274767378173
355;1,502;0,03662112753146807;0,03662112753146807;0,0366274767378173
356;1,503;0,03662112753146807;0,03662112753146807;0,0366274767378173
357;1,504;0,03662112753146807;0,03662112753146807;0,0366274767378173
365;1,523;0,03662112753146807;0,03662112753146807;0,0366274767378173
374;1,537;0,03662112753146807;0,03662112753146807;0,0366274767378173
375;1,543;0,036610399562119644;0,03662112753146807;0,03662112753146807
377;1,547;0,036610399562119644;0,036610399562119644;0,03662112753146807
378;1,549;0,036610399562119644;0,036610399562119644;0,03662112753146807
379;1,552;0,036610399562119644;0,036610399562119644;0,03662112753146807
380;1,554;0,036610399562119644;0,036610399562119644;0,03662112753146807
381;1,559;0,036610399562119644;0,036610399562119644;0,03662112753146807
382;1,561;0,036610399562119644;0,036610399562119644;0,03662112753146807
383;1,564;0,036610399562119644;0,036610399562119644;0,03662112753146807
384;1,573;0,03659091406677217;0,036610399562119644;0,036610399562119644
386;1,576;0,03659091406677217;0,03659091406677217;0,036610399562119644
387;1,585;0,03657471264367407;0,03659091406677217;0,03659091406677217
388;1,588;0,03657471264367407;0,03657471264367407;0,03659091406677217
390;1,593;0,03657471264367407;0,03657471264367407;0,03659091406677217
391;1,597;0,03657471264367407;0,03657471264367407;0,03659091406677217
392;1,599;0,03657471264367407;0,03657471264367407;0,03659091406677217
393;1,61;0,0365547892720266;0,03657471264367407;0,03657471264367407
395;1,615;0,0365547892720266;0,0365547892720266;0,03657471264367407
396;1,617;0,0365547892720266;0,0365547892720266;0,03657471264367407
397;1,624;0,03655391351942672;0,0365547892720266;0,0365547892720266
398;1,627;0,03655391351942672;0,03655391351942672;0,0365547892720266
400;1,632;0,03655391351942672;0,03655391351942672;0,0365547892720266
401;1,635;0,03655391351942672;0,03655391351942672;0,0365547892720266
402;1,647;0,03651122058018208;0,03655391351942672;0,03655391351942672
403;1,65;0,03651122058018208;0,03651122058018208;0,03655391351942672
404;1,653;0,03651122058018208;0,03651122058018208;0,03655391351942672
405;1,661;0,03651122058018208;0,03651122058018208;0,03655391351942672
406;1,673;0,03646414887793803;0,03651122058018208;0,03651122058018208
407;1,675;0,03646414887793803;0,03646414887793803;0,03651122058018208
408;1,678;0,03646414887793803;0,03646414887793803;0,03651122058018208
409;1,681;0,03646414887793803;0,03646414887793803;0,03651122058018208
410;1,684;0,03646414887793803;0,03646414887793803;0,03651122058018208
411;1,687;0,03646414887793803;0,03646414887793803;0,03651122058018208
412;1,69;0,03646414887793803;0,03646414887793803;0,03651122058018208
414;1,693;0,03646414887793803;0,03646414887793803;0,03651122058018208
415;1,696;0,03646414887793803;0,03646414887793803;0,03651122058018208
417;1,701;0,03646414887793803;0,03646414887793803;0,03651122058018208
418;1,704;0,03646414887793803;0,03646414887793803;0,03651122058018208
419;1,706;0,03646414887793803;0,03646414887793803;0,03651122058018208
420;1,715;0,03640109469074604;0,03646414887793803;0,03646414887793803
421;1,725;0,036365626710450405;0,03640109469074604;0,03640109469074604
422;1,728;0,036365626710450405;0,036365626710450405;0,03640109469074604
423;1,731;0,036365626710450405;0,036365626710450405;0,03640109469074604
425;1,734;0,036365626710450405;0,036365626710450405;0,03640109469074604
427;1,743;0,036353147235902106;0,036365626710450405;0,036365626710450405
428;1,745;0,036353147235902106;0,036353147235902106;0,036365626710450405
429;1,747;0,036353147235902106;0,036353147235902106;0,036365626710450405
430;1,749;0,036353147235902106;0,036353147235902106;0,036365626710450405
431;1,752;0,036353147235902106;0,036353147235902106;0,036365626710450405
432;1,756;0,036353147235902106;0,036353147235902106;0,036365626710450405
434;1,76;0,036353147235902106;0,036353147235902106;0,036365626710450405
435;1,762;0,036353147235902106;0,036353147235902106;0,036365626710450405
436;1,764;0,036353147235902106;0,036353147235902106;0,036365626710450405
437;1,769;0,036353147235902106;0,036353147235902106;0,036365626710450405
438;1,774;0,036353147235902106;0,036353147235902106;0,036365626710450405
439;1,776;0,036353147235902106;0,036353147235902106;0,036365626710450405
441;1,781;0,036353147235902106;0,036353147235902106;0,036365626710450405
442;1,784;0,036353147235902106;0,036353147235902106;0,036365626710450405
443;1,79;0,036353147235902106;0,036353147235902106;0,036365626710450405
444;1,792;0,036353147235902106;0,036353147235902106;0,036365626710450405
445;1,794;0,036353147235902106;0,036353147235902106;0,036365626710450405
446;1,805;0,03632709359605524;0,036353147235902106;0,036353147235902106
448;1,809;0,03632709359605524;0,03632709359605524;0,036353147235902106
449;1,812;0,03632709359605524;0,03632709359605524;0,036353147235902106
450;1,814;0,03632709359605524;0,03632709359605524;0,036353147235902106
451;1,819;0,03632709359605524;0,03632709359605524;0,036353147235902106
452;1,822;0,03632709359605524;0,03632709359605524;0,036353147235902106
453;1,826;0,03632709359605524;0,03632709359605524;0,036353147235902106
454;1,835;0,03626031746031366;0,03632709359605524;0,03632709359605524
455;1,837;0,03626031746031366;0,03626031746031366;0,03632709359605524
457;1,847;0,03624586754241543;0,03626031746031366;0,03626031746031366
458;1,859;0,03620186097427103;0,03624586754241543;0,03624586754241543
459;1,861;0,03620186097427103;0,03620186097427103;0,03624586754241543
460;1,864;0,03620186097427103;0,03620186097427103;0,03624586754241543
461;1,866;0,03620186097427103;0,03620186097427103;0,03624586754241543
462;1,869;0,03620186097427103;0,03620186097427103;0,03624586754241543
464;1,873;0,03620186097427103;0,03620186097427103;0,03624586754241543
466;1,876;0,03620186097427103;0,03620186097427103;0,03624586754241543
467;1,885;0,03618675424192297;0,03620186097427103;0,03620186097427103
469;1,893;0,03618325123152344;0,03618675424192297;0,03618675424192297
470;1,895;0,03618325123152344;0,03618325123152344;0,03618675424192297
471;1,897;0,03618325123152344;0,03618325123152344;0,03618675424192297
472;1,9;0,03618325123152344;0,03618325123152344;0,03618675424192297
473;1,904;0,03618325123152344;0,03618325123152344;0,03618675424192297
474;1,913;0,03616814449917527;0,03618325123152344;0,03618325123152344
475;1,916;0,03616814449917527;0,03616814449917527;0,03618325123152344
476;1,918;0,03616814449917527;0,03616814449917527;0,03618325123152344
477;1,92;0,03616814449917527;0,03616814449917527;0,03618325123152344
478;1,922;0,03616814449917527;0,03616814449917527;0,03618325123152344
479;1,924;0,03616814449917527;0,03616814449917527;0,03618325123152344
480;1,926;0,03616814449917527;0,03616814449917527;0,03618325123152344
481;1,931;0,03616814449917527;0,03616814449917527;0,03618325123152344
482;1,934;0,03616814449917527;0,03616814449917527;0,03618325123152344
483;1,938;0,03616814449917527;0,03616814449917527;0,03618325123152344
484;1,941;0,03616814449917527;0,03616814449917527;0,03618325123152344
485;1,943;0,03616814449917527;0,03616814449917527;0,03618325123152344
486;1,946;0,03616814449917527;0,03616814449917527;0,03618325123152344
488;1,952;0,03616814449917527;0,03616814449917527;0,03618325123152344
489;1,954;0,03616814449917527;0,03616814449917527;0,03618325123152344
492;1,973;0,036121510673231105;0,03616814449917527;0,03616814449917527
493;1,975;0,036121510673231105;0,036121510673231105;0,03616814449917527
494;1,977;0,036121510673231105;0,036121510673231105;0,03616814449917527
495;1,98;0,036121510673231105;0,036121510673231105;0,03616814449917527
496;1,982;0,036121510673231105;0,036121510673231105;0,03616814449917527
497;1,994;0,03607224958948729;0,036121510673231105;0,036121510673231105
498;1,999;0,03607224958948729;0,03607224958948729;0,036121510673231105
499;2,021;0,036055172413789416;0,03607224958948729;0,03607224958948729
501;2,029;0,036055172413789416;0,036055172413789416;0,03607224958948729
502;2,046;0,036039189928841364;0,036055172413789416;0,036055172413789416
503;2,049;0,036039189928841364;0,036039189928841364;0,036055172413789416
504;2,054;0,036039189928841364;0,036039189928841364;0,036055172413789416
505;2,059;0,036039189928841364;0,036039189928841364;0,036055172413789416
507;2,063;0,036039189928841364;0,036039189928841364;0,036055172413789416
508;2,074;0,036039189928841364;0,036039189928841364;0,036055172413789416
509;2,077;0,036039189928841364;0,036039189928841364;0,036055172413789416
510;2,079;0,036039189928841364;0,036039189928841364;0,036055172413789416
512;2,095;0,035987301587297904;0,036039189928841364;0,036039189928841364
513;2,102;0,035987301587297904;0,035987301587297904;0,036039189928841364
515;2,115;0,035932785987954685;0,035987301587297904;0,035987301587297904
519;2,124;0,035932785987954685;0,035932785987954685;0,035987301587297904
520;2,129;0,035932785987954685;0,035932785987954685;0,035987301587297904
523;2,136;0,035932785987954685;0,035932785987954685;0,035987301587297904
524;2,141;0,035932785987954685;0,035932785987954685;0,035987301587297904
526;2,148;0,035932785987954685;0,035932785987954685;0,035987301587297904
530;2,153;0,035932785987954685;0,035932785987954685;0,035987301587297904
531;2,158;0,035932785987954685;0,03593366174055468;0,035987301587297904
532;2,162;0,035932785987954685;0,03593366174055468;0,035987301587297904
533;2,165;0,035932785987954685;0,03593366174055468;0,035987301587297904
539;2,175;0,035932785987954685;0,03593366174055468;0,035987301587297904
540;2,177;0,035932785987954685;0,03593366174055468;0,035987301587297904
541;2,182;0,035932785987954685;0,03593366174055468;0,035987301587297904
544;2,186;0,035932785987954685;0,03593366174055468;0,035987301587297904
545;2,188;0,035932785987954685;0,03593366174055468;0,035987301587297904
548;2,193;0,035932785987954685;0,03593366174055468;0,035987301587297904
550;2,196;0,035932785987954685;0,03593366174055468;0,035987301587297904
551;2,198;0,035932785987954685;0,03593366174055468;0,035987301587297904
553;2,203;0,035932785987954685;0,03593366174055468;0,035987301587297904
554;2,208;0,035932785987954685;0,03593366174055468;0,035987301587297904
555;2,21;0,035932785987954685;0,03593366174055468;0,035987301587297904
556;2,212;0,035932785987954685;0,03593366174055468;0,035987301587297904
557;2,214;0,035932785987954685;0,03593366174055468;0,035987301587297904
558;2,216;0,035932785987954685;0,03593366174055468;0,035987301587297904
559;2,219;0,035932785987954685;0,03593366174055468;0,035987301587297904
561;2,223;0,035932785987954685;0,03593366174055468;0,035987301587297904
562;2,225;0,035932785987954685;0,03593366174055468;0,035987301587297904
563;2,23;0,035932785987954685;0,03593366174055468;0,035987301587297904
566;2,234;0,035932785987954685;0,03593366174055468;0,035987301587297904
567;2,236;0,035932785987954685;0,03593366174055468;0,035987301587297904
568;2,241;0,035932785987954685;0,03593366174055468;0,035987301587297904
569;2,243;0,035932785987954685;0,03593366174055468;0,035987301587297904
570;2,246;0,035932785987954685;0,03593366174055468;0,035987301587297904
573;2,251;0,035932785987954685;0,03593366174055468;0,035987301587297904
574;2,253;0,035932785987954685;0,03593366174055468;0,035987301587297904
575;2,256;0,035932785987954685;0,03593366174055468;0,035987301587297904
577;2,26;0,035932785987954685;0,03593366174055468;0,035987301587297904
578;2,264;0,035932785987954685;0,03593366174055468;0,035987301587297904
579;2,266;0,035932785987954685;0,03593366174055468;0,035987301587297904
580;2,269;0,035932785987954685;0,03593366174055468;0,035987301587297904
581;2,272;0,035932785987954685;0,03593366174055468;0,035987301587297904
582;2,275;0,035932785987954685;0,03593366174055468;0,035987301587297904
583;2,276;0,035932785987954685;0,03593366174055468;0,035987301587297904
584;2,28;0,035932785987954685;0,03593366174055468;0,035987301587297904
585;2,281;0,035932785987954685;0,03593366174055468;0,035987301587297904
586;2,283;0,035932785987954685;0,03593366174055468;0,035987301587297904
587;2,287;0,035932785987954685;0,03593366174055468;0,035987301587297904
588;2,29;0,035932785987954685;0,03593366174055468;0,035987301587297904
589;2,291;0,035932785987954685;0,03593366174055468;0,035987301587297904
590;2,294;0,035932785987954685;0,03593366174055468;0,035987301587297904
591;2,297;0,035932785987954685;0,03593366174055468;0,035987301587297904
592;2,303;0,035932785987954685;0,03593366174055468;0,035987301587297904
593;2,305;0,035932785987954685;0,03593366174055468;0,035987301587297904
594;2,307;0,035932785987954685;0,03593366174055468;0,035987301587297904
595;2,312;0,035932785987954685;0,03593366174055468;0,035987301587297904
596;2,314;0,035932785987954685;0,03593366174055468;0,035987301587297904
597;2,319;0,035932785987954685;0,03593366174055468;0,035987301587297904
598;2,33;0,035915489874106976;0,03593366174055468;0,035932785987954685
601;2,337;0,035915489874106976;0,035915489874106976;0,035932785987954685
602;2,339;0,035915489874106976;0,035915489874106976;0,035932785987954685
603;2,343;0,035915489874106976;0,035915489874106976;0,035932785987954685
606;2,347;0,035915489874106976;0,035915489874106976;0,035932785987954685
607;2,348;0,035915489874106976;0,035915489874106976;0,035932785987954685
608;2,353;0,035915489874106976;0,035915489874106976;0,035932785987954685
609;2,356;0,035915489874106976;0,035915489874106976;0,035932785987954685
612;2,362;0,035915489874106976;0,035915489874106976;0,035932785987954685
613;2,367;0,035915489874106976;0,035915489874106976;0,035932785987954685
614;2,37;0,035915489874106976;0,035915489874106976;0,035932785987954685
615;2,376;0,035915489874106976;0,035915489874106976;0,035932785987954685
616;2,379;0,035915489874106976;0,035915489874106976;0,035932785987954685
617;2,38;0,035915489874106976;0,035915489874106976;0,035932785987954685
618;2,383;0,035915489874106976;0,035915489874106976;0,035932785987954685
619;2,385;0,035915489874106976;0,035915489874106976;0,035932785987954685
621;2,396;0,03589644225505928;0,035915489874106976;0,035915489874106976
622;2,405;0,03587783251231158;0,03589644225505928;0,03589644225505928
623;2,493;0,03587695675971159;0,03587783251231158;0,03587783251231158
624;2,495;0,03587695675971159;0,03587695675971159;0,03587783251231158
626;2,501;0,03587695675971159;0,03587695675971159;0,03587783251231158
627;2,505;0,03587695675971159;0,03587695675971159;0,03587783251231158
628;2,508;0,03587695675971159;0,03587695675971159;0,03587783251231158
629;2,51;0,03587695675971159;0,03587695675971159;0,03587783251231158
630;2,514;0,03587695675971159;0,03587695675971159;0,03587783251231158
631;2,519;0,03587695675971159;0,03587695675971159;0,03587783251231158
633;2,527;0,03587695675971159;0,03587695675971159;0,03587783251231158
638;2,535;0,03587695675971159;0,03587695675971159;0,03587783251231158
639;2,54;0,03587695675971159;0,03587783251231158;0,03587783251231158
640;2,548;0,035858347016964;0,03587783251231158;0,03587695675971159
644;2,553;0,035858347016964;0,035858347016964;0,03587695675971159
646;2,557;0,035858347016964;0,035858347016964;0,03587695675971159
647;2,559;0,035858347016964;0,035858347016964;0,03587695675971159
648;2,561;0,035858347016964;0,035858347016964;0,03587695675971159
650;2,567;0,035858347016964;0,035858347016964;0,03587695675971159
651;2,573;0,035858347016964;0,035858347016964;0,03587695675971159
652;2,575;0,035858347016964;0,035858347016964;0,03587695675971159
653;2,578;0,035858347016964;0,035858347016964;0,03587695675971159
654;2,58;0,035858347016964;0,035858347016964;0,03587695675971159
655;2,582;0,035858347016964;0,035858347016964;0,03587695675971159
656;2,584;0,035858347016964;0,035858347016964;0,03587695675971159
657;2,588;0,035858347016964;0,035858347016964;0,03587695675971159
658;2,592;0,035858347016964;0,035858347016964;0,03587695675971159
659;2,594;0,035858347016964;0,035858347016964;0,03587695675971159
660;2,596;0,035858347016964;0,035858347016964;0,03587695675971159
663;2,6;0,035858347016964;0,035858347016964;0,03587695675971159
665;2,606;0,035858347016964;0,035858347016964;0,03587695675971159
666;2,669;0,035858347016964;0,035858347016964;0,03587695675971159
667;2,671;0,035858347016964;0,035858347016964;0,03587695675971159
668;2,676;0,035858347016964;0,035858347016964;0,03587695675971159
669;2,68;0,035858347016964;0,035858347016964;0,03587695675971159
670;2,683;0,035858347016964;0,035858347016964;0,03587695675971159
671;2,685;0,035858347016964;0,035858347016964;0,03587695675971159
673;2,688;0,035858347016964;0,035858347016964;0,03587695675971159
675;2,694;0,035858347016964;0,035858347016964;0,03587695675971159
676;2,696;0,035858347016964;0,035858347016964;0,03587695675971159
680;2,704;0,035858347016964;0,035858347016964;0,03587695675971159
681;2,705;0,035858347016964;0,035858347016964;0,03587695675971159
682;2,709;0,035858347016964;0,035858347016964;0,03587695675971159
683;2,715;0,035858347016964;0,035858347016964;0,03587695675971159
684;2,717;0,035858347016964;0,035858347016964;0,03587695675971159
685;2,719;0,035858347016964;0,035858347016964;0,03587695675971159
686;2,722;0,035858347016964;0,035858347016964;0,03587695675971159
688;2,725;0,035858347016964;0,035858347016964;0,03587695675971159
689;2,727;0,035858347016964;0,035858347016964;0,03587695675971159
690;2,729;0,035858347016964;0,035858347016964;0,03587695675971159
691;2,732;0,035858347016964;0,035858347016964;0,03587695675971159
692;2,736;0,035858347016964;0,035858347016964;0,03587695675971159
693;2,738;0,035858347016964;0,035858347016964;0,03587695675971159
695;2,742;0,035858347016964;0,035858347016964;0,03587695675971159
696;2,746;0,035858347016964;0,035858347016964;0,03587695675971159
697;2,748;0,035858347016964;0,035858347016964;0,03587695675971159
699;2,751;0,035858347016964;0,035858347016964;0,03587695675971159
700;2,756;0,035858347016964;0,035858347016964;0,03587695675971159
701;2,76;0,035858347016964;0,035858347016964;0,03587695675971159
702;2,764;0,035858347016964;0,035858347016964;0,03587695675971159
703;2,767;0,035858347016964;0,035858347016964;0,03587695675971159
705;2,77;0,035858347016964;0,035858347016964;0,03587695675971159
707;2,773;0,035858347016964;0,035858347016964;0,03587695675971159
710;2,777;0,035858347016964;0,035858347016964;0,03587695675971159
712;2,783;0,035858347016964;0,035858347016964;0,03587695675971159
713;2,787;0,035858347016964;0,035858347016964;0,03587695675971159
714;2,841;0,035858347016964;0,035858347016964;0,03587695675971159
715;2,846;0,035858347016964;0,035858347016964;0,03587695675971159
717;2,849;0,035858347016964;0,035858347016964;0,03587695675971159
720;2,855;0,035858347016964;0,035858347016964;0,03587695675971159
721;2,857;0,035858347016964;0,035858347016964;0,03587695675971159
723;2,86;0,035858347016964;0,035858347016964;0,03587695675971159
726;2,865;0,035858347016964;0,035858347016964;0,03587695675971159
727;2,867;0,035858347016964;0,035858347016964;0,03587695675971159
729;2,87;0,035858347016964;0,035858347016964;0,03587695675971159
730;2,873;0,035858347016964;0,035858347016964;0,03587695675971159
731;2,875;0,035858347016964;0,035858347016964;0,03587695675971159
732;2,877;0,035858347016964;0,035858347016964;0,03587695675971159
735;2,88;0,035858347016964;0,035858347016964;0,03587695675971159
736;2,885;0,035858347016964;0,035858347016964;0,03587695675971159
737;2,89;0,035858347016964;0,035858347016964;0,03587695675971159
740;2,898;0,035858347016964;0,035858347016964;0,03587695675971159
741;2,9;0,035858347016964;0,035858347016964;0,03587695675971159
742;2,903;0,035858347016964;0,035858347016964;0,03587695675971159
743;2,905;0,035858347016964;0,035858347016964;0,03587695675971159
744;2,906;0,035858347016964;0,035858347016964;0,03587695675971159
745;2,909;0,035858347016964;0,035858347016964;0,03587695675971159
746;2,911;0,035858347016964;0,035858347016964;0,03587695675971159
747;2,915;0,035858347016964;0,035858347016964;0,03587695675971159
748;2,917;0,035858347016964;0,035858347016964;0,03587695675971159
750;2,922;0,035858347016964;0,035858347016964;0,03587695675971159
751;2,925;0,035858347016964;0,035858347016964;0,03587695675971159
752;2,926;0,035858347016964;0,035858347016964;0,03587695675971159
754;2,929;0,035858347016964;0,035858347016964;0,03587695675971159
755;2,931;0,035858347016964;0,035858347016964;0,03587695675971159
756;2,936;0,035858347016964;0,035858347016964;0,03587695675971159
758;2,939;0,035858347016964;0,035858347016964;0,03587783251231158
759;2,941;0,035858347016964;0,035858347016964;0,03587783251231158
761;2,945;0,035858347016964;0,035858347016964;0,03587783251231158
762;2,947;0,035858347016964;0,035858347016964;0,03587783251231158
763;2,949;0,035858347016964;0,035858347016964;0,03587783251231158
764;2,952;0,035858347016964;0,035858347016964;0,03587783251231158
765;2,954;0,035858347016964;0,035858347016964;0,03587783251231158
766;2,955;0,035858347016964;0,035858347016964;0,03587783251231158
767;2,96;0,035858347016964;0,035858347016964;0,03587783251231158
769;2,963;0,035858347016964;0,035858347016964;0,03587783251231158
770;2,966;0,035858347016964;0,035858347016964;0,03587783251231158
771;2,968;0,035858347016964;0,035858347016964;0,03587783251231158
774;2,975;0,035858347016964;0,035858347016964;0,03587783251231158
775;2,977;0,035858347016964;0,035858347016964;0,03587783251231158
776;2,981;0,035858347016964;0,035858347016964;0,03587783251231158
777;2,983;0,035858347016964;0,035858347016964;0,03587783251231158
779;2,989;0,035858347016964;0,035858347016964;0,03587783251231158
780;2,992;0,035858347016964;0,035858347016964;0,03587783251231158
782;2,995;0,035858347016964;0,035858347016964;0,03587783251231158
785;3,002;0,035858347016964;0,035858347016964;0,03587783251231158
787;3,01;0,035858347016964;0,035858347016964;0,03587783251231158
788;3,013;0,035858347016964;0,035858347016964;0,03587783251231158
789;3,016;0,035858347016964;0,035858347016964;0,03587783251231158
793;3,021;0,035858347016964;0,035858347016964;0,03587783251231158
794;3,023;0,035858347016964;0,035858347016964;0,03587783251231158
796;3,026;0,035858347016964;0,035858347016964;0,03587783251231158
798;3,029;0,035858347016964;0,035858347016964;0,03587783251231158
799;3,031;0,035858347016964;0,035858347016964;0,03587783251231158
800;3,033;0,035858347016964;0,035858347016964;0,03587783251231158
801;3,037;0,035858347016964;0,035858347016964;0,03587783251231158
802;3,041;0,035858347016964;0,035858347016964;0,03587783251231158
803;3,043;0,035858347016964;0,035858347016964;0,03587783251231158
804;3,045;0,035858347016964;0,035858347016964;0,03587783251231158
806;3,05;0,035858347016964;0,035858347016964;0,03587783251231158
807;3,051;0,035858347016964;0,035858347016964;0,03587783251231158
809;3,055;0,035858347016964;0,035858347016964;0,03587783251231158
811;3,058;0,035858347016964;0,035858347016964;0,03587783251231158
812;3,06;0,035858347016964;0,035858347016964;0,03587783251231158
813;3,062;0,035858347016964;0,035858347016964;0,03587783251231158
814;3,064;0,035858347016964;0,035858347016964;0,03587783251231158
815;3,068;0,035858347016964;0,035858347016964;0,03587783251231158
816;3,069;0,035858347016964;0,035858347016964;0,03587783251231158
817;3,071;0,035858347016964;0,035858347016964;0,03587783251231158
819;3,077;0,035858347016964;0,035858347016964;0,03587783251231158
820;3,08;0,035858347016964;0,035858347016964;0,03587783251231158
821;3,082;0,035858347016964;0,035858347016964;0,03587783251231158
822;3,085;0,035858347016964;0,035858347016964;0,03587783251231158
824;3,091;0,035858347016964;0,035858347016964;0,03587783251231158
825;3,095;0,035858347016964;0,035858347016964;0,03587783251231158
826;3,097;0,035858347016964;0,035858347016964;0,03587783251231158
827;3,101;0,035858347016964;0,035858347016964;0,03587783251231158
828;3,104;0,035858347016964;0,035858347016964;0,03587783251231158
829;3,106;0,035858347016964;0,035858347016964;0,03587783251231158
830;3,11;0,035858347016964;0,035858347016964;0,03587783251231158
831;3,114;0,035858347016964;0,035858347016964;0,03587783251231158
833;3,117;0,035858347016964;0,035858347016964;0,03587783251231158
834;3,119;0,035858347016964;0,035858347016964;0,03587783251231158
836;3,124;0,035858347016964;0,035858347016964;0,03587783251231158
837;3,126;0,035858347016964;0,035858347016964;0,03587783251231158
838;3,131;0,035858347016964;0,035858347016964;0,03587783251231158
839;3,133;0,035858347016964;0,035858347016964;0,03587783251231158
840;3,137;0,035858347016964;0,035858347016964;0,03587783251231158
841;3,141;0,035858347016964;0,035858347016964;0,03587783251231158
842;3,143;0,035858347016964;0,035858347016964;0,03587783251231158
844;3,148;0,035858347016964;0,035858347016964;0,03587783251231158
845;3,152;0,035858347016964;0,035858347016964;0,03587783251231158
847;3,158;0,035858347016964;0,035858347016964;0,03587783251231158
848;3,16;0,035858347016964;0,035858347016964;0,03587783251231158
849;3,162;0,035858347016964;0,035858347016964;0,03587783251231158
850;3,167;0,035858347016964;0,035858347016964;0,03587783251231158
851;3,171;0,035858347016964;0,035858347016964;0,03587783251231158
852;3,173;0,035858347016964;0,035858347016964;0,03587783251231158
855;3,178;0,035858347016964;0,035858347016964;0,03587783251231158
856;3,18;0,035858347016964;0,035858347016964;0,03587783251231158
857;3,182;0,035858347016964;0,035858347016964;0,03587783251231158
858;3,184;0,035858347016964;0,035858347016964;0,03587783251231158
859;3,186;0,035858347016964;0,035858347016964;0,03587783251231158
861;3,192;0,035858347016964;0,035858347016964;0,03587783251231158
863;3,196;0,035858347016964;0,035858347016964;0,03587783251231158
865;3,202;0,035858347016964;0,035858347016964;0,03587783251231158
866;3,204;0,035858347016964;0,035858347016964;0,03587783251231158
867;3,208;0,035858347016964;0,035858347016964;0,03587783251231158
868;3,212;0,035858347016964;0,035858347016964;0,03587783251231158
869;3,215;0,035858347016964;0,035858347016964;0,03587783251231158
870;3,219;0,035858347016964;0,035858347016964;0,03587783251231158
871;3,222;0,035858347016964;0,035858347016964;0,03587783251231158
872;3,224;0,035858347016964;0,035858347016964;0,03587783251231158
873;3,228;0,035858347016964;0,035858347016964;0,03587783251231158
874;3,232;0,035858347016964;0,035858347016964;0,03587783251231158
875;3,234;0,035858347016964;0,035858347016964;0,03587783251231158
876;3,237;0,035858347016964;0,035858347016964;0,03587783251231158
877;3,238;0,035858347016964;0,035858347016964;0,03587783251231158
878;3,24;0,035858347016964;0,035858347016964;0,03587783251231158
880;3,243;0,035858347016964;0,035858347016964;0,03587783251231158
881;3,245;0,035858347016964;0,035858347016964;0,03587783251231158
882;3,247;0,035858347016964;0,035858347016964;0,03587783251231158
885;3,254;0,035858347016964;0,035858347016964;0,03587783251231158
886;3,257;0,035858347016964;0,035858347016964;0,03587783251231158
889;3,261;0,035858347016964;0,035858347016964;0,03587783251231158
890;3,265;0,035858347016964;0,035858347016964;0,03587783251231158
891;3,267;0,035858347016964;0,035858347016964;0,03587783251231158
892;3,269;0,035858347016964;0,035858347016964;0,03587783251231158
893;3,271;0,035858347016964;0,035858347016964;0,03587783251231158
894;3,273;0,035858347016964;0,035858347016964;0,03587783251231158
895;3,277;0,035858347016964;0,035858347016964;0,03587783251231158
896;3,28;0,035858347016964;0,035858347016964;0,03587783251231158
897;3,282;0,035858347016964;0,035858347016964;0,03587783251231158
899;3,287;0,035858347016964;0,035858347016964;0,03587783251231158
900;3,289;0,035858347016964;0,035858347016964;0,03587783251231158
901;3,291;0,035858347016964;0,035858347016964;0,03587783251231158
902;3,297;0,035858347016964;0,035858347016964;0,03587783251231158
903;3,299;0,035858347016964;0,035858347016964;0,03587783251231158
904;3,303;0,035858347016964;0,035858347016964;0,03587783251231158
905;3,308;0,035858347016964;0,035858347016964;0,03587783251231158
906;3,31;0,035858347016964;0,035858347016964;0,03587783251231158
907;3,312;0,035858347016964;0,035858347016964;0,03587783251231158
909;3,317;0,035858347016964;0,035858347016964;0,03589644225505928
911;3,32;0,035858347016964;0,035858347016964;0,03589644225505928
912;3,324;0,035858347016964;0,035858347016964;0,03589644225505928
914;3,327;0,035858347016964;0,035858347016964;0,03589644225505928
915;3,329;0,035858347016964;0,035858347016964;0,03589644225505928
916;3,332;0,035858347016964;0,035858347016964;0,03589644225505928
917;3,334;0,035858347016964;0,035858347016964;0,03589644225505928
918;3,336;0,035858347016964;0,035858347016964;0,03589644225505928
920;3,342;0,035858347016964;0,035858347016964;0,03589644225505928
921;3,344;0,035858347016964;0,035858347016964;0,03589644225505928
922;3,346;0,035858347016964;0,035858347016964;0,03589644225505928
925;3,35;0,035858347016964;0,035858347016964;0,03589644225505928
926;3,354;0,035858347016964;0,035858347016964;0,03589644225505928
927;3,358;0,035858347016964;0,035858347016964;0,03589644225505928
928;3,361;0,035858347016964;0,035858347016964;0,03589644225505928
929;3,363;0,035858347016964;0,035858347016964;0,03589644225505928
930;3,364;0,035858347016964;0,035858347016964;0,03589644225505928
931;3,37;0,035858347016964;0,035858347016964;0,03589644225505928
932;3,372;0,035858347016964;0,035858347016964;0,03589644225505928
934;3,375;0,035858347016964;0,035858347016964;0,03589644225505928
935;3,377;0,035858347016964;0,035858347016964;0,03589644225505928
938;3,383;0,035858347016964;0,035858347016964;0,03589644225505928
939;3,385;0,035858347016964;0,035858347016964;0,03589644225505928
943;3,393;0,035858347016964;0,035858347016964;0,03589644225505928
945;3,396;0,035858347016964;0,035858347016964;0,03589644225505928
947;3,399;0,035858347016964;0,035858347016964;0,03589644225505928
948;3,402;0,035858347016964;0,035858347016964;0,03589644225505928
949;3,404;0,035858347016964;0,035858347016964;0,03589644225505928
950;3,406;0,035858347016964;0,035858347016964;0,03589644225505928
952;3,409;0,035858347016964;0,035858347016964;0,03589644225505928
953;3,411;0,035858347016964;0,035858347016964;0,03589644225505928
954;3,414;0,035858347016964;0,035858347016964;0,03589644225505928
956;3,416;0,035858347016964;0,035858347016964;0,03589644225505928
958;3,42;0,035858347016964;0,035858347016964;0,03589644225505928
959;3,422;0,035858347016964;0,035858347016964;0,03589644225505928
960;3,424;0,035858347016964;0,035858347016964;0,03589644225505928
961;3,426;0,035858347016964;0,035858347016964;0,03589644225505928
962;3,428;0,035858347016964;0,035858347016964;0,03589644225505928
963;3,43;0,035858347016964;0,035858347016964;0,03589644225505928
964;3,434;0,035858347016964;0,035858347016964;0,03589644225505928
967;3,442;0,035858347016964;0,035858347016964;0,03589644225505928
968;3,445;0,035858347016964;0,035858347016964;0,03589644225505928
970;3,448;0,035858347016964;0,035858347016964;0,03589644225505928
971;3,451;0,035858347016964;0,035858347016964;0,03589644225505928
973;3,453;0,035858347016964;0,035858347016964;0,03589644225505928
974;3,455;0,035858347016964;0,035858347016964;0,03589644225505928
975;3,46;0,035858347016964;0,035858347016964;0,03589644225505928
976;3,462;0,035858347016964;0,035858347016964;0,03589644225505928
977;3,467;0,035858347016964;0,035858347016964;0,03589644225505928
978;3,469;0,035858347016964;0,035858347016964;0,03589644225505928
979;3,471;0,035858347016964;0,035858347016964;0,03589644225505928
980;3,473;0,035858347016964;0,035858347016964;0,03589644225505928
982;3,478;0,035858347016964;0,035858347016964;0,03589644225505928
983;3,481;0,035858347016964;0,035858347016964;0,03589644225505928
988;3,487;0,035858347016964;0,035858347016964;0,03589644225505928
989;3,489;0,035858347016964;0,035858347016964;0,03589644225505928
991;3,492;0,035858347016964;0,035858347016964;0,03589644225505928
992;3,494;0,035858347016964;0,035858347016964;0,03589644225505928
993;3,496;0,035858347016964;0,035858347016964;0,03589644225505928
995;3,5;0,035858347016964;0,035858347016964;0,03589644225505928
997;3,503;0,035858347016964;0,035858347016964;0,03589644225505928
999;3,508;0,035858347016964;0,035858347016964;0,03589644225505928
1002;3,512;0,035858347016964;0,035858347016964;0,03589644225505928
1003;3,514;0,035858347016964;0,035858347016964;0,03589644225505928
1004;3,517;0,035858347016964;0,035858347016964;0,03589644225505928
1005;3,518;0,035858347016964;0,035858347016964;0,03589644225505928
1006;3,52;0,035858347016964;0,035858347016964;0,03589644225505928
1007;3,522;0,035858347016964;0,035858347016964;0,03589644225505928
1008;3,526;0,035858347016964;0,035858347016964;0,03589644225505928
1012;3,531;0,035858347016964;0,035858347016964;0,03589644225505928
1013;3,533;0,035858347016964;0,035858347016964;0,03589644225505928
1014;3,535;0,035858347016964;0,035858347016964;0,03589644225505928
1015;3,537;0,035858347016964;0,035858347016964;0,03589644225505928
1016;3,54;0,035858347016964;0,035858347016964;0,03589644225505928
1017;3,542;0,035858347016964;0,035858347016964;0,03589644225505928
1018;3,545;0,035858347016964;0,035858347016964;0,03589644225505928
1020;3,551;0,035858347016964;0,035858347016964;0,035915489874106976
1022;3,554;0,035858347016964;0,035858347016964;0,035915489874106976
1023;3,556;0,035858347016964;0,035858347016964;0,035915489874106976
1024;3,558;0,035858347016964;0,035858347016964;0,035915489874106976
1025;3,56;0,035858347016964;0,035858347016964;0,035915489874106976
1026;3,565;0,035858347016964;0,035858347016964;0,035915489874106976
1027;3,569;0,035858347016964;0,035858347016964;0,035915489874106976
1028;3,573;0,035858347016964;0,035858347016964;0,035915489874106976
1029;3,575;0,035858347016964;0,035858347016964;0,035915489874106976
1031;3,578;0,035858347016964;0,035858347016964;0,035915489874106976
1032;3,58;0,035858347016964;0,035858347016964;0,035915489874106976
1034;3,586;0,035858347016964;0,035858347016964;0,035915489874106976
1036;3,591;0,035858347016964;0,035858347016964;0,035915489874106976
1037;3,593;0,035858347016964;0,035858347016964;0,035915489874106976
1038;3,647;0,035858347016964;0,035858347016964;0,035915489874106976
1039;3,649;0,035858347016964;0,035858347016964;0,035915489874106976
1040;3,651;0,035858347016964;0,035858347016964;0,035915489874106976
1041;3,658;0,035858128078813944;0,035858347016964;0,035858347016964
1042;3,659;0,035858128078813944;0,035858128078813944;0,035858347016964
1043;3,661;0,035858128078813944;0,035858128078813944;0,035858347016964
1044;3,666;0,035858128078813944;0,035858128078813944;0,035858347016964
1049;3,672;0,035858128078813944;0,035858128078813944;0,035858347016964
1050;3,674;0,035858128078813944;0,035858128078813944;0,035858347016964
1052;3,678;0,035858128078813944;0,035858128078813944;0,035858347016964
1054;3,681;0,035858128078813944;0,035858128078813944;0,035858347016964
1055;3,685;0,035858128078813944;0,035858128078813944;0,035858347016964
1056;3,687;0,035858128078813944;0,035858128078813944;0,035858347016964
1057;3,74;0,035858128078813944;0,035858128078813944;0,035858347016964
1058;3,744;0,035858128078813944;0,035858128078813944;0,035858347016964
1060;3,747;0,035858128078813944;0,035858128078813944;0,035858347016964
1062;3,751;0,035858128078813944;0,035858128078813944;0,035858347016964
1064;3,754;0,035858128078813944;0,035858128078813944;0,035858347016964
1066;3,757;0,035858128078813944;0,035858128078813944;0,035858347016964
1067;3,758;0,035858128078813944;0,035858128078813944;0,035858347016964
1068;3,761;0,035858128078813944;0,035858128078813944;0,035858347016964
1069;3,763;0,035858128078813944;0,035858128078813944;0,035858347016964
1070;3,765;0,035858128078813944;0,035858128078813944;0,035858347016964
1072;3,77;0,035858128078813944;0,035858128078813944;0,035858347016964
1074;3,775;0,035858128078813944;0,035858128078813944;0,035858347016964
1075;3,778;0,035858128078813944;0,035858128078813944;0,035858347016964
1076;3,782;0,035858128078813944;0,035858128078813944;0,035858347016964
1077;3,787;0,035858128078813944;0,035858128078813944;0,035858347016964
1078;3,789;0,035858128078813944;0,035858128078813944;0,035858347016964
1079;3,793;0,035858128078813944;0,035858128078813944;0,035858347016964
1080;3,795;0,035858128078813944;0,035858128078813944;0,035858347016964
1081;3,847;0,035858128078813944;0,035858128078813944;0,035858347016964
1082;3,849;0,035858128078813944;0,035858128078813944;0,035858347016964
1084;3,852;0,035858128078813944;0,035858128078813944;0,035858347016964
1085;3,856;0,035858128078813944;0,035858128078813944;0,035858347016964
1086;3,86;0,035858128078813944;0,035858128078813944;0,035858347016964
1087;3,862;0,035858128078813944;0,035858128078813944;0,035858347016964
1088;3,864;0,035858128078813944;0,035858128078813944;0,035858347016964
1089;3,869;0,035858128078813944;0,035858128078813944;0,035858347016964
1090;3,871;0,035858128078813944;0,035858128078813944;0,035858347016964
1091;3,874;0,035858128078813944;0,035858128078813944;0,035858347016964
1092;3,876;0,035858128078813944;0,035858128078813944;0,035858347016964
1093;3,879;0,035858128078813944;0,035858128078813944;0,035858347016964
1094;3,883;0,035858128078813944;0,035858128078813944;0,035858347016964
1096;3,889;0,035858128078813944;0,035858128078813944;0,035858347016964
1097;3,892;0,035858128078813944;0,035858128078813944;0,035858347016964
1098;3,899;0,03585725232621395;0,035858128078813944;0,035858128078813944
1099;3,903;0,03585725232621395;0,03585725232621395;0,035858128078813944
1101;3,906;0,03585725232621395;0,03585725232621395;0,035858128078813944
1102;3,908;0,03585725232621395;0,03585725232621395;0,035858128078813944
1103;3,96;0,03585725232621395;0,03585725232621395;0,035858128078813944
1105;3,965;0,03585725232621395;0,03585725232621395;0,035858128078813944
1108;3,971;0,03585725232621395;0,03585725232621395;0,035858128078813944
1109;3,973;0,03585725232621395;0,03585725232621395;0,035858128078813944
1110;3,98;0,03585703338806412;0,03585725232621395;0,03585725232621395
1112;3,985;0,03585703338806412;0,03585703338806412;0,03585725232621395
1113;3,988;0,03585703338806412;0,03585703338806412;0,03585725232621395
1114;3,991;0,03585703338806412;0,03585703338806412;0,03585725232621395
1115;3,994;0,03585703338806412;0,03585703338806412;0,03585725232621395
1117;3,998;0,03585703338806412;0,03585703338806412;0,03585725232621395
1119;4,001;0,03585703338806412;0,03585703338806412;0,03585725232621395
1120;4,003;0,03585703338806412;0,03585703338806412;0,03585725232621395
1122;4,008;0,03585703338806412;0,03585703338806412;0,03585725232621395
1123;4,012;0,03585703338806412;0,03585703338806412;0,03585725232621395
1124;4,015;0,03585703338806412;0,03585703338806412;0,03585725232621395
1125;4,017;0,03585703338806412;0,03585703338806412;0,03585725232621395
1128;4,021;0,03585703338806412;0,03585703338806412;0,03585725232621395
1129;4,023;0,03585703338806412;0,03585703338806412;0,03585725232621395
1130;4,027;0,03585703338806412;0,03585703338806412;0,03585725232621395
1136;4,036;0,03585703338806412;0,03585703338806412;0,03585725232621395
1137;4,043;0,0358530925013647;0,03585703338806412;0,03585703338806412
1138;4,046;0,0358530925013647;0,0358530925013647;0,03585703338806412
1139;4,048;0,0358530925013647;0,0358530925013647;0,03585703338806412
1140;4,05;0,0358530925013647;0,0358530925013647;0,03585703338806412
1142;4,053;0,0358530925013647;0,0358530925013647;0,03585703338806412
1143;4,057;0,0358530925013647;0,0358530925013647;0,03585703338806412
1146;4,061;0,0358530925013647;0,0358530925013647;0,03585703338806412
1147;4,065;0,0358530925013647;0,0358530925013647;0,03585703338806412
1148;4,068;0,0358530925013647;0,0358530925013647;0,03585703338806412
1150;4,071;0,0358530925013647;0,0358530925013647;0,03585703338806412
1151;4,075;0,0358530925013647;0,0358530925013647;0,03585703338806412
1152;4,078;0,0358530925013647;0,0358530925013647;0,03585703338806412
1153;4,08;0,0358530925013647;0,0358530925013647;0,03585703338806412
1154;4,084;0,0358530925013647;0,0358530925013647;0,03585703338806412
1155;4,089;0,0358530925013647;0,0358530925013647;0,03585703338806412
1156;4,094;0,03584915161466529;0,0358530925013647;0,0358530925013647
1157;4,098;0,03584915161466529;0,03584915161466529;0,0358530925013647
1160;4,106;0,03584740010946552;0,03584915161466529;0,03584915161466529
1162;4,109;0,03584740010946552;0,03584740010946552;0,03584915161466529
1164;4,112;0,03584740010946552;0,03584740010946552;0,03584915161466529
1165;4,115;0,03584740010946552;0,03584740010946552;0,03584915161466529
1166;4,118;0,03584740010946552;0,03584740010946552;0,03584915161466529
1167;4,122;0,03584740010946552;0,03584740010946552;0,03584915161466529
1168;4,126;0,03584740010946552;0,03584740010946552;0,03584915161466529
1170;4,13;0,03584740010946552;0,03584740010946552;0,03584915161466529
1171;4,136;0,035845648604265645;0,03584740010946552;0,03584740010946552
1172;4,139;0,035845648604265645;0,035845648604265645;0,03584740010946552
1173;4,141;0,035845648604265645;0,035845648604265645;0,03584740010946552
1174;4,145;0,035845648604265645;0,035845648604265645;0,03584740010946552
1175;4,149;0,035845648604265645;0,035845648604265645;0,03584740010946552
1178;4,153;0,035845648604265645;0,035845648604265645;0,03584740010946552
1179;4,157;0,035845648604265645;0,035845648604265645;0,03584740010946552
1181;4,16;0,035845648604265645;0,035845648604265645;0,03584740010946552
1182;4,162;0,035845648604265645;0,035845648604265645;0,03584740010946552
1183;4,164;0,035845648604265645;0,035845648604265645;0,03584740010946552
1184;4,169;0,035845648604265645;0,035845648604265645;0,03584740010946552
1185;4,171;0,035845648604265645;0,035845648604265645;0,03584740010946552
1186;4,178;0,03584477285166576;0,035845648604265645;0,035845648604265645
1187;4,18;0,03584477285166576;0,03584477285166576;0,035845648604265645
1188;4,182;0,03584477285166576;0,03584477285166576;0,035845648604265645
1191;4,187;0,03584477285166576;0,03584477285166576;0,035845648604265645
1193;4,192;0,03584477285166576;0,03584477285166576;0,035845648604265645
1194;4,196;0,03584477285166576;0,03584477285166576;0,035845648604265645
1195;4,2;0,03584477285166576;0,03584477285166576;0,035845648604265645
1199;4,207;0,03584477285166576;0,03584477285166576;0,035845648604265645
1202;4,212;0,03584477285166576;0,03584477285166576;0,035845648604265645
1203;4,214;0,03584477285166576;0,03584477285166576;0,035845648604265645
1205;4,218;0,03584477285166576;0,03584477285166576;0,035845648604265645
1206;4,22;0,03584477285166576;0,03584477285166576;0,035845648604265645
1209;4,225;0,03584477285166576;0,03584477285166576;0,035845648604265645
1210;4,227;0,03584477285166576;0,03584477285166576;0,035845648604265645
1211;4,229;0,03584477285166576;0,03584477285166576;0,035845648604265645
1214;4,234;0,03584477285166576;0,03584477285166576;0,035845648604265645
1215;4,236;0,03584477285166576;0,03584477285166576;0,035845648604265645
1216;4,239;0,03584477285166576;0,03584477285166576;0,035845648604265645
1217;4,241;0,03584477285166576;0,03584477285166576;0,035845648604265645
1218;4,244;0,03584477285166576;0,03584477285166576;0,035845648604265645
1220;4,247;0,03584477285166576;0,03584477285166576;0,035845648604265645
1222;4,25;0,03584477285166576;0,03584477285166576;0,035845648604265645
1223;4,301;0,03584477285166576;0,03584477285166576;0,035845648604265645
1224;4,303;0,03584477285166576;0,03584477285166576;0,035845648604265645
1225;4,306;0,03584477285166576;0,03584477285166576;0,035845648604265645
1226;4,31;0,03584477285166576;0,03584477285166576;0,035845648604265645
1227;4,36;0,03584477285166576;0,03584477285166576;0,035845648604265645
1229;4,365;0,03584477285166576;0,03584477285166576;0,035845648604265645
1230;4,366;0,03584477285166576;0,03584477285166576;0,035845648604265645
1233;4,372;0,03584477285166576;0,03584477285166576;0,035845648604265645
1234;4,376;0,03584477285166576;0,03584477285166576;0,035845648604265645
1235;4,38;0,03584477285166576;0,03584477285166576;0,035845648604265645
1236;4,383;0,03584477285166576;0,03584477285166576;0,035845648604265645
1238;4,389;0,03584477285166576;0,03584477285166576;0,035845648604265645
1239;4,392;0,03584477285166576;0,03584477285166576;0,035845648604265645
1240;4,394;0,03584477285166576;0,03584477285166576;0,035845648604265645
1241;4,398;0,03584477285166576;0,03584477285166576;0,035845648604265645
1242;4,403;0,03584477285166576;0,03584477285166576;0,035845648604265645
1243;4,405;0,03584477285166576;0,03584477285166576;0,035845648604265645
1244;4,409;0,03584477285166576;0,03584477285166576;0,035845648604265645
1246;4,412;0,03584477285166576;0,03584477285166576;0,035845648604265645
1247;4,414;0,03584477285166576;0,03584477285166576;0,035845648604265645
1251;4,419;0,03584477285166576;0,03584477285166576;0,035845648604265645
1252;4,423;0,03584477285166576;0,03584477285166576;0,035845648604265645
1253;4,428;0,03584477285166576;0,03584477285166576;0,035845648604265645
1254;4,43;0,03584477285166576;0,03584477285166576;0,035845648604265645
1256;4,438;0,035841488779416175;0,03584477285166576;0,03584477285166576
1257;4,443;0,035841488779416175;0,035841488779416175;0,03584477285166576
1260;4,448;0,035841488779416175;0,035841488779416175;0,03584477285166576
1261;4,455;0,03583886152161653;0,035841488779416175;0,035841488779416175
1262;4,46;0,03583886152161653;0,03583886152161653;0,035841488779416175
1264;4,464;0,03583886152161653;0,03583886152161653;0,035841488779416175
1266;4,468;0,03583886152161653;0,03583886152161653;0,035841488779416175
1268;4,471;0,03583886152161653;0,03583886152161653;0,035841488779416175
1269;4,473;0,03583886152161653;0,03583886152161653;0,035841488779416175
1270;4,475;0,03583886152161653;0,03583886152161653;0,035841488779416175
1271;4,481;0,03583886152161653;0,03583886152161653;0,035841488779416175
1273;4,532;0,03583886152161653;0,03583886152161653;0,035841488779416175
1274;4,538;0,03583886152161653;0,03583886152161653;0,035841488779416175
1275;4,541;0,03583886152161653;0,03583886152161653;0,035841488779416175
1276;4,543;0,03583886152161653;0,03583886152161653;0,035841488779416175
1277;4,545;0,03583886152161653;0,03583886152161653;0,035841488779416175
1278;4,547;0,03583886152161653;0,03583886152161653;0,035841488779416175
1279;4,55;0,03583886152161653;0,03583886152161653;0,035841488779416175
1280;4,553;0,03583886152161653;0,03583886152161653;0,035841488779416175
1281;4,556;0,03583886152161653;0,03583886152161653;0,035841488779416175
1282;4,557;0,03583886152161653;0,03583886152161653;0,035841488779416175
1284;4,565;0,03582703886151806;0,03583886152161653;0,03583886152161653
1286;4,568;0,03582703886151806;0,03582703886151806;0,03583886152161653
1288;4,572;0,03582703886151806;0,03582703886151806;0,03583886152161653
1289;4,574;0,03582703886151806;0,03582703886151806;0,03583886152161653
1290;4,576;0,03582703886151806;0,03582703886151806;0,03583886152161653
1291;4,579;0,03582703886151806;0,03582703886151806;0,03583886152161653
1292;4,582;0,03582703886151806;0,03582703886151806;0,03583886152161653
1293;4,584;0,03582703886151806;0,03582703886151806;0,03583886152161653
1294;4,587;0,03582703886151806;0,03582703886151806;0,03583886152161653
1295;4,59;0,03582703886151806;0,03582703886151806;0,03583886152161653
1296;4,593;0,03582703886151806;0,03582703886151806;0,03583886152161653
1298;4,597;0,03582703886151806;0,03582703886151806;0,03583886152161653
1299;4,601;0,03582703886151806;0,03582703886151806;0,03583886152161653
1300;4,602;0,03582703886151806;0,03582703886151806;0,03583886152161653
1302;4,605;0,03582703886151806;0,03582703886151806;0,03583886152161653
1303;4,609;0,03582703886151806;0,03582703886151806;0,03583886152161653
1304;4,613;0,03582703886151806;0,03582703886151806;0,03583886152161653
1305;4,615;0,03582703886151806;0,03582703886151806;0,03583886152161653
1307;4,62;0,03582703886151806;0,03582703886151806;0,03583886152161653
1309;4,623;0,03582703886151806;0,03582703886151806;0,03583886152161653
1310;4,679;0,03550738916255802;0,03582703886151806;0,03582703886151806
1312;4,682;0,03550738916255802;0,03550738916255802;0,03582703886151806
1313;4,688;0,03539682539682176;0,03550738916255802;0,03550738916255802
1315;4,697;0,03534953475642788;0,03539682539682176;0,03539682539682176
1317;4,701;0,03534953475642788;0,03534953475642788;0,03539682539682176
1318;4,704;0,03534953475642788;0,03534953475642788;0,03539682539682176
1319;4,709;0,03534953475642788;0,03534953475642788;0,03539682539682176
1320;4,716;0,035300054734534014;0,03534953475642788;0,03534953475642788
1321;4,72;0,035300054734534014;0,035300054734534014;0,03534953475642788
1322;4,722;0,035300054734534014;0,035300054734534014;0,03534953475642788
1324;4,724;0,035300054734534014;0,035300054734534014;0,03534953475642788
1326;4,728;0,035300054734534014;0,035300054734534014;0,03534953475642788
1327;4,731;0,035300054734534014;0,035300054734534014;0,03534953475642788
1328;4,733;0,035300054734534014;0,035300054734534014;0,03534953475642788
1329;4,743;0,03524926108374027;0,035300054734534014;0,035300054734534014
1330;4,745;0,03524926108374027;0,03524926108374027;0,035300054734534014
1332;4,754;0,03514679802955323;0,03524926108374027;0,03524926108374027
1333;4,756;0,03514679802955323;0,03514679802955323;0,03524926108374027
1334;4,758;0,03514679802955323;0,03514679802955323;0,03524926108374027
1335;4,759;0,03514679802955323;0,03514679802955323;0,03524926108374027
1337;4,768;0,03512052545155642;0,03514679802955323;0,03514679802955323
1339;4,773;0,03512052545155642;0,03512052545155642;0,03514679802955323
1340;4,776;0,03512052545155642;0,03512052545155642;0,03514679802955323
1341;4,778;0,03512052545155642;0,03512052545155642;0,03514679802955323
1342;4,833;0,03512052545155642;0,03512052545155642;0,03514679802955323
1343;4,837;0,03512052545155642;0,03512052545155642;0,03514679802955323
1344;4,839;0,03512052545155642;0,03512052545155642;0,03514679802955323
1346;4,842;0,03512052545155642;0,03512052545155642;0,03514679802955323
1347;4,845;0,03512052545155642;0,03512052545155642;0,03514679802955323
1348;4,847;0,03512052545155642;0,03512052545155642;0,03514679802955323
1349;4,852;0,03512052545155642;0,03512052545155642;0,03514679802955323
1350;4,854;0,03512052545155642;0,03512052545155642;0,03514679802955323
1351;4,862;0,035116146688557004;0,03512052545155642;0,03512052545155642
1352;4,868;0,035108483853308114;0,035116146688557004;0,035116146688557004
1353;4,871;0,035108483853308114;0,035108483853308114;0,035116146688557004
1354;4,877;0,03509140667761024;0,035108483853308114;0,035108483853308114
1356;4,882;0,03509140667761024;0,03509140667761024;0,035108483853308114
1357;4,884;0,03509140667761024;0,03509140667761024;0,035108483853308114
1358;4,886;0,03509140667761024;0,03509140667761024;0,035108483853308114
1360;4,889;0,03509140667761024;0,03509140667761024;0,035108483853308114
1361;4,891;0,03509140667761024;0,03509140667761024;0,035108483853308114
1362;4,9;0,03503929939791672;0,03509140667761024;0,03509140667761024
1363;4,903;0,03503929939791672;0,03503929939791672;0,03509140667761024
1366;4,909;0,03503929939791672;0,03503929939791672;0,03509140667761024
1370;4,915;0,03503929939791672;0,03503929939791672;0,03509140667761024
1371;4,972;0,03503929939791672;0,03503929939791672;0,03509140667761024
1372;4,976;0,03503929939791672;0,03503929939791672;0,03509140667761024
1375;4,98;0,03503929939791672;0,03503929939791672;0,03509140667761024
1376;4,982;0,03503929939791672;0,03503929939791672;0,03509140667761024
1377;4,983;0,03503929939791672;0,03503929939791672;0,03509140667761024
1378;4,985;0,03503929939791672;0,03503929939791672;0,03509140667761024
1381;4,99;0,03503929939791672;0,03503929939791672;0,03509140667761024
1382;4,995;0,03502090859331919;0,03503929939791672;0,03503929939791672
1384;5,0;0,03502090859331919;0,03502090859331919;0,03503929939791672
1385;5,004;0,03502090859331919;0,03502090859331919;0,03503929939791672
1386;5,006;0,03502090859331919;0,03502090859331919;0,03503929939791672
1387;5,01;0,03502090859331919;0,03502090859331919;0,03503929939791672
1388;5,012;0,03502090859331919;0,03502090859331919;0,03503929939791672
1391;5,016;0,03502090859331919;0,03502090859331919;0,03503929939791672
1395;5,075;0,03502090859331919;0,03502090859331919;0,03503929939791672
1399;5,08;0,03502090859331919;0,03502090859331919;0,03503929939791672
1400;5,084;0,03502090859331919;0,03502090859331919;0,03503929939791672
1401;5,087;0,03502090859331919;0,03502090859331919;0,03503929939791672
1402;5,09;0,03502090859331919;0,03502090859331919;0,03503929939791672
1403;5,093;0,03502090859331919;0,03502090859331919;0,03503929939791672
1404;5,095;0,03502090859331919;0,03502090859331919;0,03503929939791672
1406;5,098;0,03502090859331919;0,03502090859331919;0,03503929939791672
1407;5,101;0,03502090859331919;0,03502090859331919;0,03503929939791672
1408;5,103;0,03502090859331919;0,03502090859331919;0,03503929939791672
1409;5,111;0,034966174055825916;0,03502090859331919;0,03502090859331919
1410;5,115;0,034966174055825916;0,034966174055825916;0,03502090859331919
1411;5,119;0,034966174055825916;0,034966174055825916;0,03502090859331919
1413;5,123;0,034966174055825916;0,034966174055825916;0,03502090859331919
1414;5,127;0,034966174055825916;0,034966174055825916;0,03502090859331919
1415;5,13;0,034966174055825916;0,034966174055825916;0,03502090859331919
1416;5,132;0,034966174055825916;0,034966174055825916;0,03502090859331919
1418;5,138;0,034966174055825916;0,034966174055825916;0,03502090859331919
1419;5,141;0,034966174055825916;0,034966174055825916;0,03502090859331919
1422;5,151;0,03496420361247632;0,034966174055825916;0,034966174055825916
1424;5,156;0,03496420361247632;0,03496420361247632;0,034966174055825916
1425;5,158;0,03496420361247632;0,03496420361247632;0,034966174055825916
1426;5,162;0,03496420361247632;0,03496420361247632;0,034966174055825916
1427;5,165;0,03496420361247632;0,03496420361247632;0,034966174055825916
1429;5,173;0,034963327859876325;0,03496420361247632;0,03496420361247632
1430;5,181;0,03496245210727644;0,034963327859876325;0,034963327859876325
1431;5,183;0,03496245210727644;0,03496245210727644;0,034963327859876325
1432;5,239;0,03496245210727644;0,03496245210727644;0,034963327859876325
1433;5,243;0,03496245210727644;0,03496245210727644;0,034963327859876325
1434;5,246;0,03496245210727644;0,03496245210727644;0,034963327859876325
1435;5,25;0,03496245210727644;0,03496245210727644;0,034963327859876325
1437;5,253;0,03496245210727644;0,03496245210727644;0,034963327859876325
1438;5,255;0,03496245210727644;0,03496245210727644;0,034963327859876325
1439;5,258;0,03496245210727644;0,03496245210727644;0,034963327859876325
1440;5,26;0,03496245210727644;0,03496245210727644;0,034963327859876325
1441;5,262;0,03496245210727644;0,03496245210727644;0,034963327859876325
1442;5,264;0,03496245210727644;0,03496245210727644;0,034963327859876325
1443;5,266;0,03496245210727644;0,03496245210727644;0,034963327859876325
1444;5,268;0,03496245210727644;0,03496245210727644;0,034963327859876325
1445;5,27;0,03496245210727644;0,03496245210727644;0,034963327859876325
1446;5,273;0,03496245210727644;0,03496245210727644;0,034963327859876325
1447;5,277;0,03496245210727644;0,03496245210727644;0,034963327859876325
1449;5,282;0,03496245210727644;0,03496245210727644;0,034963327859876325
1450;5,29;0,03496201423097656;0,03496245210727644;0,03496245210727644
1451;5,291;0,03496201423097656;0,03496201423097656;0,03496245210727644
1452;5,295;0,03496201423097656;0,03496201423097656;0,03496245210727644
1454;5,302;0,03495544608647749;0,03496201423097656;0,03496201423097656
1457;5,308;0,03495544608647749;0,03495544608647749;0,03496201423097656
1458;5,31;0,03495544608647749;0,03495544608647749;0,03496201423097656
1459;5,312;0,03495544608647749;0,03495544608647749;0,03496201423097656
1461;5,315;0,03495544608647749;0,03495544608647749;0,03496201423097656
1462;5,317;0,03495544608647749;0,03495544608647749;0,03496201423097656
1464;5,322;0,03495544608647749;0,03495544608647749;0,03496201423097656
1465;5,324;0,03495544608647749;0,03495544608647749;0,03496201423097656
1466;5,327;0,03495544608647749;0,03495544608647749;0,03496201423097656
1467;5,332;0,03495544608647749;0,03495544608647749;0,03496201423097656
1468;5,335;0,03495544608647749;0,03495544608647749;0,03496201423097656
1469;5,339;0,03495544608647749;0,03495544608647749;0,03496201423097656
1471;5,346;0,03495062944717808;0,03495544608647749;0,03495544608647749
1472;5,35;0,03495062944717808;0,03495062944717808;0,03495544608647749
1474;5,358;0,03494887794197832;0,03495062944717808;0,03495062944717808
1476;5,368;0,034921072796931796;0,03494887794197832;0,03494887794197832
1477;5,37;0,034921072796931796;0,034921072796931796;0,03494887794197832
1479;5,376;0,034921072796931796;0,034921072796931796;0,03494887794197832
1480;5,378;0,034921072796931796;0,034921072796931796;0,03494887794197832
1481;5,38;0,034921072796931796;0,034921072796931796;0,03494887794197832
1482;5,382;0,034921072796931796;0,034921072796931796;0,03494887794197832
1483;5,387;0,034921072796931796;0,034921072796931796;0,03494887794197832
1485;5,392;0,034921072796931796;0,034921072796931796;0,03494887794197832
1486;5,396;0,034921072796931796;0,034921072796931796;0,03494887794197832
1487;5,397;0,034921072796931796;0,034921072796931796;0,03494887794197832
1488;5,403;0,03491012588943332;0,034921072796931796;0,034921072796931796
1489;5,461;0,03491012588943332;0,03491012588943332;0,034921072796931796
1490;5,463;0,03491012588943332;0,03491012588943332;0,034921072796931796
1492;5,467;0,03491012588943332;0,03491012588943332;0,034921072796931796
1493;5,471;0,03491012588943332;0,03491012588943332;0,034921072796931796
1494;5,475;0,03491012588943332;0,03491012588943332;0,034921072796931796
1496;5,482;0,034909906951283265;0,03491012588943332;0,03491012588943332
1497;5,493;0,03488188286808669;0,034909906951283265;0,034909906951283265
1498;5,499;0,03190430727023019;0,03488188286808669;0,03488188286808669
1499;5,506;0,0318834567901205;0,03190430727023019;0,03190430727023019
1500;5,508;0,0318834567901205;0,0318834567901205;0,03190430727023019
1502;5,52;0,031866337448556714;0,0318834567901205;0,0318834567901205
1503;5,522;0,031866337448556714;0,031866337448556714;0,0318834567901205
1504;5,526;0,031866337448556714;0,031866337448556714;0,0318834567901205
1508;5,532;0,031866337448556714;0,031866337448556714;0,0318834567901205
1510;5,536;0,031866337448556714;0,031866337448556714;0,0318834567901205
1511;5,542;0,031866337448556714;0,031866337448556714;0,0318834567901205
1512;5,545;0,031866337448556714;0,031866337448556714;0,0318834567901205
1513;5,547;0,031866337448556714;0,031866337448556714;0,0318834567901205
1514;5,558;0,031859972565154826;0,031866337448556714;0,031866337448556714
1515;5,563;0,031859972565154826;0,031859972565154826;0,031866337448556714
1516;5,568;0,031859972565154826;0,031859972565154826;0,031866337448556714
1518;5,571;0,031859972565154826;0,031859972565154826;0,031866337448556714
1519;5,574;0,031859972565154826;0,031859972565154826;0,031866337448556714
1521;5,577;0,031859972565154826;0,031859972565154826;0,031866337448556714
1522;5,58;0,031859972565154826;0,031859972565154826;0,031866337448556714
1523;5,583;0,031859972565154826;0,031859972565154826;0,031866337448556714
1526;5,589;0,031859972565154826;0,031859972565154826;0,031866337448556714
1527;5,591;0,031859972565154826;0,031859972565154826;0,031866337448556714
1528;5,597;0,031859753086416864;0,031859972565154826;0,031859972565154826
1529;5,599;0,031859753086416864;0,031859753086416864;0,031859972565154826
1530;5,603;0,031859753086416864;0,031859753086416864;0,031859972565154826
1531;5,66;0,031859753086416864;0,031859753086416864;0,031859972565154826
1532;5,716;0,031859753086416864;0,031859753086416864;0,031859972565154826
1535;5,722;0,031859753086416864;0,031859753086416864;0,031859972565154826
1537;5,725;0,031859753086416864;0,031859753086416864;0,031859972565154826
1538;5,728;0,031859753086416864;0,031859753086416864;0,031859972565154826
1539;5,732;0,031859753086416864;0,031859753086416864;0,031859972565154826
1540;5,735;0,031859753086416864;0,031859753086416864;0,031859972565154826
1541;5,739;0,031859753086416864;0,031859753086416864;0,031859972565154826
1544;5,745;0,031859753086416864;0,031859753086416864;0,031859972565154826
1545;5,753;0,03179610425239776;0,031859753086416864;0,031859753086416864
1546;5,76;0,03176449931412617;0,03179610425239776;0,03179610425239776
1548;5,766;0,03176449931412617;0,03176449931412617;0,03179610425239776
1550;5,769;0,03176449931412617;0,03176449931412617;0,03179610425239776
1551;5,778;0,031755061728392264;0,03176449931412617;0,03176449931412617
1552;5,787;0,03175374485596416;0,031755061728392264;0,031755061728392264
1553;5,791;0,03175374485596416;0,03175374485596416;0,031755061728392264
1556;5,795;0,03175374485596416;0,03175374485596416;0,031755061728392264
1557;5,799;0,03175374485596416;0,03175374485596416;0,031755061728392264
1560;5,81;0,031734430727020424;0,03175374485596416;0,03175374485596416
1561;5,813;0,031734430727020424;0,031734430727020424;0,03175374485596416
1563;5,816;0,031734430727020424;0,031734430727020424;0,03175374485596416
1564;5,819;0,031734430727020424;0,031734430727020424;0,03175374485596416
1565;5,824;0,031734430727020424;0,031734430727020424;0,03175374485596416
1566;5,833;0,03170480109739082;0,031734430727020424;0,031734430727020424
1567;5,836;0,03170480109739082;0,03170480109739082;0,031734430727020424
1569;5,841;0,03170480109739082;0,03170480109739082;0,031734430727020424
1571;5,845;0,03170480109739082;0,03170480109739082;0,031734430727020424
1572;5,85;0,03170480109739082;0,03170480109739082;0,031734430727020424
1573;5,858;0,03169404663922892;0,03170480109739082;0,03170480109739082
1574;5,861;0,03169404663922892;0,03169404663922892;0,03170480109739082
1575;5,862;0,03169404663922892;0,03169404663922892;0,03170480109739082
1576;5,867;0,03169404663922892;0,03169404663922892;0,03170480109739082
1577;5,873;0,031692071330587046;0,03169404663922892;0,03169404663922892
1578;5,878;0,031692071330587046;0,031692071330587046;0,03169404663922892
1580;5,888;0,031670123456787436;0,031692071330587046;0,031692071330587046
1581;5,893;0,031670123456787436;0,031670123456787436;0,031692071330587046
1582;5,895;0,031670123456787436;0,031670123456787436;0,031692071330587046
1584;5,901;0,031670123456787436;0,031670123456787436;0,031692071330587046
1585;5,91;0,03158803840877655;0,031670123456787436;0,031670123456787436
1586;5,912;0,03158803840877655;0,03158803840877655;0,031670123456787436
1587;5,914;0,03158803840877655;0,03158803840877655;0,031670123456787436
1588;5,918;0,03158803840877655;0,03158803840877655;0,031670123456787436
1589;5,92;0,03158803840877655;0,03158803840877655;0,031670123456787436
1591;5,923;0,03158803840877655;0,03158803840877655;0,031670123456787436
1592;5,975;0,03158803840877655;0,03158803840877655;0,031670123456787436
1593;5,979;0,03158803840877655;0,03158803840877655;0,031670123456787436
1594;5,981;0,03158803840877655;0,03158803840877655;0,031670123456787436
1596;5,987;0,03158803840877655;0,03158803840877655;0,031670123456787436
1597;5,99;0,03158803840877655;0,03158803840877655;0,031670123456787436
1599;5,994;0,03158803840877655;0,03158803840877655;0,031670123456787436
1600;5,996;0,03158803840877655;0,03158803840877655;0,031670123456787436
1601;5,998;0,03158803840877655;0,03158803840877655;0,031670123456787436
1603;6,001;0,03158803840877655;0,03158803840877655;0,031670123456787436
1605;6,004;0,03158803840877655;0,03158803840877655;0,031670123456787436
1607;6,006;0,03158803840877655;0,03158803840877655;0,031670123456787436
1609;6,009;0,03158803840877655;0,03158803840877655;0,031670123456787436
1610;6,014;0,03158803840877655;0,03158803840877655;0,031670123456787436
1611;6,021;0,03152438957475734;0,03158803840877655;0,03158803840877655
1612;6,026;0,03152438957475734;0,03152438957475734;0,03158803840877655
1613;6,028;0,03152438957475734;0,03152438957475734;0,03158803840877655
1615;6,031;0,03152438957475734;0,03152438957475734;0,03158803840877655
1616;6,035;0,03152438957475734;0,03152438957475734;0,03158803840877655
1617;6,039;0,03152438957475734;0,03152438957475734;0,03158803840877655
1619;6,042;0,03152438957475734;0,03152438957475734;0,03158803840877655
1623;6,047;0,03152438957475734;0,03152438957475734;0,03158803840877655
1624;6,055;0,03151122085047753;0,03152438957475734;0,03152438957475734
1625;6,059;0,03151122085047753;0,03151122085047753;0,03152438957475734
1626;6,061;0,03151122085047753;0,03151122085047753;0,03152438957475734
1627;6,063;0,03151122085047753;0,03151122085047753;0,03152438957475734
1628;6,071;0,03146908093278211;0,03151122085047753;0,03151122085047753
1629;6,075;0,03146908093278211;0,03146908093278211;0,03151122085047753
1630;6,077;0,03146908093278211;0,03146908093278211;0,03151122085047753
1633;6,083;0,03146908093278211;0,03146908093278211;0,03151122085047753
1634;6,086;0,03146908093278211;0,03146908093278211;0,03151122085047753
1635;6,095;0,03139445816186315;0,03146908093278211;0,03146908093278211
1636;6,1;0,03139445816186315;0,03139445816186315;0,03146908093278211
1637;6,107;0,031393141289435156;0,03139445816186315;0,03139445816186315
1638;6,109;0,031393141289435156;0,031393141289435156;0,03139445816186315
1639;6,111;0,031393141289435156;0,031393141289435156;0,03139445816186315
1641;6,12;0,03137711934156129;0,031393141289435156;0,031393141289435156
1642;6,125;0,03137711934156129;0,03137711934156129;0,031393141289435156
1643;6,133;0,03131303155006615;0,03137711934156129;0,03137711934156129
1645;6,136;0,03131303155006615;0,03131303155006615;0,03137711934156129
1646;6,138;0,03131303155006615;0,03131303155006615;0,03137711934156129
1647;6,14;0,03131303155006615;0,03131303155006615;0,03137711934156129
1648;6,143;0,03131303155006615;0,03131303155006615;0,03137711934156129
1649;6,15;0,031311275720162235;0,03131303155006615;0,03131303155006615
1651;6,155;0,031311275720162235;0,031311275720162235;0,03131303155006615
1652;6,159;0,031311275720162235;0,031311275720162235;0,03131303155006615
1653;6,163;0,031311275720162235;0,031311275720162235;0,03131303155006615
1654;6,167;0,031311275720162235;0,031311275720162235;0,03131303155006615
1655;6,172;0,031311275720162235;0,031311275720162235;0,03131303155006615
1656;6,173;0,031311275720162235;0,031311275720162235;0,03131303155006615
1657;6,18;0,03129152263374246;0,031311275720162235;0,031311275720162235
1658;6,184;0,03129152263374246;0,03129152263374246;0,031311275720162235
1660;6,189;0,03129152263374246;0,03129152263374246;0,031311275720162235
1661;6,19;0,03129152263374246;0,03129152263374246;0,031311275720162235
1662;6,193;0,03129152263374246;0,03129152263374246;0,031311275720162235
1663;6,195;0,03129152263374246;0,03129152263374246;0,031311275720162235
1665;6,199;0,03129152263374246;0,03129152263374246;0,031311275720162235
1667;6,203;0,03129152263374246;0,03129152263374246;0,031311275720162235
1668;6,207;0,03129152263374246;0,03129152263374246;0,031311275720162235
